metrekare,oda_sayisi,banyo_sayisi,yas,kat,mahalle,garaj,bahce,isitma_turu,fiyat
152,5,1,7,6,Üsküdar,0,0,Doğalgaz,3989330
166,4,2,21,1,Pendik,1,1,Kombi,1856055
237,2,1,21,11,Kartal,0,0,Kombi,2730081
269,6,1,46,18,Üsküdar,0,1,Klima,5218951
278,4,1,38,17,Levent,1,1,Doğalgaz,9947683
58,1,1,27,14,Fatih,1,0,Doğalgaz,1229876
84,5,1,39,3,Beşiktaş,0,0,Doğalgaz,2134787
103,1,1,43,1,Maltepe,0,1,Kombi,1359150
64,2,1,39,15,Etiler,1,0,Kömür,1888088
266,3,2,40,14,Beşiktaş,0,0,Kömür,5569558
178,2,1,10,18,Maltepe,1,1,Klima,3060962
54,5,2,27,6,Levent,1,0,Elektrik,1774406
296,3,1,34,11,Kartal,1,1,Elektrik,3398998
150,6,3,4,13,Pendik,0,0,Doğalgaz,2411136
91,3,1,31,6,Başakşehir,0,0,Klima,1295141
278,3,2,42,3,Fatih,1,0,Merkezi,4485551
77,5,3,5,11,Pendik,0,1,Kombi,1062334
299,2,1,32,0,Maltepe,0,0,Merkezi,3821971
282,3,1,26,8,Üsküdar,0,0,Doğalgaz,6209030
201,5,1,31,8,Zeytinburnu,0,0,Doğalgaz,2486520
61,3,2,48,4,Bakırköy,0,0,Merkezi,962741
179,3,1,31,0,Pendik,1,0,Doğalgaz,1726180
267,6,1,3,10,Beyoğlu,0,0,Kömür,8476512
118,4,2,10,15,Üsküdar,1,0,Elektrik,2953518
257,1,1,35,18,Kadıköy,1,1,Kömür,4994042
248,2,2,38,17,Ataşehir,1,0,Klima,4342854
227,5,3,34,6,Bakırköy,1,1,Kömür,5134401
109,3,3,11,4,Maltepe,1,0,Klima,1561237
148,4,3,19,0,Kadıköy,1,0,Doğalgaz,3771206
215,4,2,47,2,Kartal,1,0,Merkezi,2374186
243,4,2,40,3,Kadıköy,1,0,Kombi,4833400
197,3,2,2,16,Üsküdar,0,0,Elektrik,5127208
263,3,1,37,5,Pendik,0,1,Elektrik,2864504
275,3,2,46,0,Bakırköy,0,1,Kombi,4046272
84,5,1,43,13,Bakırköy,1,0,Merkezi,1216412
73,3,2,30,2,Maltepe,1,0,Klima,981618
209,5,1,17,9,Pendik,1,0,Klima,2948140
73,3,2,22,1,Kadıköy,0,0,Kömür,1525915
153,4,2,47,6,Başakşehir,0,1,Kömür,2796790
202,4,1,6,3,Kartal,1,0,Kombi,3112354
193,2,2,14,1,Beyoğlu,0,0,Elektrik,2829145
202,2,2,21,16,Pendik,0,1,Klima,2130538
237,3,3,43,11,Levent,1,0,Kombi,5293496
165,3,2,39,19,Bahçelievler,0,1,Doğalgaz,2401934
196,5,1,27,4,Kartal,0,0,Doğalgaz,2638664
189,3,1,0,14,Bahçelievler,0,0,Elektrik,4001857
281,5,2,38,4,Pendik,1,0,Doğalgaz,2647254
193,2,1,28,13,Maltepe,0,0,Kömür,2408954
239,4,2,25,15,Bahçelievler,1,0,Kombi,4198798
150,3,2,4,3,Sarıyer,0,0,Elektrik,4915609
235,4,2,44,3,Beyoğlu,1,1,Kombi,5302732
269,4,3,23,11,Pendik,0,0,Kombi,3207820
228,5,2,0,0,Kartal,1,0,Klima,3843429
61,2,1,49,2,Levent,0,0,Kömür,1396888
251,1,1,40,6,Pendik,0,0,Klima,2438859
206,1,1,35,9,Fatih,0,0,Kömür,3081959
148,3,1,38,4,Zeytinburnu,0,0,Merkezi,1839377
148,2,2,19,15,Kartal,0,0,Kombi,1491829
149,1,1,11,8,Etiler,0,1,Elektrik,7149609
132,4,1,4,2,Kadıköy,1,0,Doğalgaz,4262786
102,5,3,44,9,Üsküdar,1,1,Kombi,2165617
212,5,1,17,14,Başakşehir,0,1,Klima,4103019
279,2,2,41,8,Fatih,1,1,Kömür,4079598
214,3,2,44,0,Kadıköy,1,0,Elektrik,4838588
94,5,1,30,18,Zeytinburnu,1,0,Kömür,1388781
139,3,2,44,12,Beyoğlu,0,0,Kömür,2194533
249,2,2,0,2,Pendik,0,1,Kömür,3616179
162,2,2,5,11,Beşiktaş,1,0,Klima,4388873
129,4,4,36,3,Üsküdar,0,1,Klima,2829391
282,3,1,0,2,Levent,1,0,Merkezi,11379024
273,2,1,23,7,Bahçelievler,0,0,Doğalgaz,4518341
109,4,1,40,3,Ataşehir,1,0,Elektrik,2049242
210,3,2,47,12,Başakşehir,1,1,Elektrik,3596622
246,4,2,29,17,Beşiktaş,0,0,Klima,6694502
167,5,4,48,10,Pendik,0,0,Kömür,2117260
76,4,1,40,2,Başakşehir,0,0,Kömür,832800
269,5,4,37,2,Üsküdar,0,1,Klima,6886083
251,3,1,8,13,Ataşehir,0,0,Klima,4321310
242,4,2,27,7,Etiler,0,0,Kömür,9571109
52,4,3,43,4,Maltepe,0,1,Kombi,752626
96,3,3,13,1,Bakırköy,1,1,Kombi,2297641
275,3,2,29,14,Levent,0,1,Kömür,8679152
215,4,3,29,9,Beşiktaş,1,1,Kömür,7661707
233,5,3,19,4,Bahçelievler,1,0,Elektrik,4061028
284,4,1,46,15,Beşiktaş,0,0,Doğalgaz,7484484
153,4,2,31,2,Bakırköy,0,1,Merkezi,2966268
100,1,1,27,9,Kartal,0,0,Doğalgaz,1175680
282,3,3,48,13,Kartal,0,0,Kömür,2378984
96,4,1,29,10,Kadıköy,1,0,Doğalgaz,2699304
50,2,2,14,14,Sarıyer,0,0,Doğalgaz,1319600
264,4,2,25,13,Levent,0,0,Kombi,9364234
200,4,2,44,17,Beylikdüzü,0,0,Klima,2474611
266,4,1,38,16,Sarıyer,0,0,Kömür,4525288
194,3,2,9,2,Başakşehir,1,0,Merkezi,3411081
263,4,2,48,11,Etiler,0,0,Kömür,7219235
75,4,1,44,5,Fatih,1,0,Kombi,1087657
247,3,2,29,10,Levent,0,1,Klima,7506522
186,2,2,39,4,Maltepe,1,0,Klima,2080862
269,5,1,48,5,Ataşehir,1,1,Elektrik,6281371
185,4,3,4,5,Bakırköy,1,1,Elektrik,5853146
69,3,1,25,13,Etiler,0,0,Elektrik,1962193
149,3,2,5,17,Üsküdar,0,0,Kombi,3030719
179,3,3,0,4,Kartal,0,0,Doğalgaz,3045576
87,3,1,48,4,Bahçelievler,1,1,Doğalgaz,1126696
169,6,1,34,2,Levent,1,1,Kombi,4421223
142,2,2,13,2,Kartal,0,1,Doğalgaz,2136319
203,5,1,41,17,Kadıköy,1,0,Klima,3920916
228,4,2,14,0,Şişli,0,1,Kombi,6830180
255,2,1,38,18,Kadıköy,0,0,Doğalgaz,5000754
91,2,2,28,0,Bahçelievler,0,1,Doğalgaz,1790547
87,5,2,26,0,Etiler,0,0,Kombi,3489648
172,5,1,12,14,Pendik,1,0,Klima,2057378
206,4,2,3,11,Sarıyer,1,0,Kombi,7936177
213,4,1,4,19,Levent,0,1,Kombi,10046823
249,3,1,42,11,Sarıyer,1,0,Kombi,4338782
274,1,1,11,11,Sarıyer,0,0,Elektrik,7687342
121,4,3,30,8,Maltepe,0,1,Doğalgaz,2864676
263,5,1,36,13,Üsküdar,0,1,Klima,5077986
231,4,2,20,14,Fatih,0,0,Merkezi,4935581
166,4,1,24,10,Fatih,1,0,Elektrik,3551888
140,4,1,43,18,Beyoğlu,0,0,Klima,1824852
294,5,1,42,17,Şişli,1,0,Klima,8017265
226,4,3,39,16,Üsküdar,0,0,Doğalgaz,4194674
228,3,3,31,16,Zeytinburnu,0,0,Klima,2519950
67,3,2,49,1,Bahçelievler,0,0,Doğalgaz,843190
228,2,1,28,6,Kartal,1,0,Kombi,3767086
211,3,1,27,17,Maltepe,1,0,Kömür,2983025
116,3,2,7,14,Beyoğlu,0,1,Kombi,2391618
57,2,1,13,13,Fatih,1,0,Kombi,1084032
262,3,1,17,6,Pendik,1,1,Elektrik,4170081
161,2,2,17,1,Kartal,1,0,Doğalgaz,2047048
179,3,1,19,4,Beyoğlu,0,1,Kömür,3410537
102,3,3,21,11,Üsküdar,0,1,Doğalgaz,2631644
287,4,1,49,18,Levent,0,1,Doğalgaz,9138077
74,3,1,42,13,Kadıköy,1,0,Kombi,1249636
264,4,3,20,9,Başakşehir,0,0,Elektrik,5140211
202,4,2,41,5,Sarıyer,1,0,Elektrik,5338125
102,2,2,25,13,Maltepe,0,0,Elektrik,1508108
100,2,2,28,10,Şişli,0,0,Kombi,3050769
88,4,3,46,4,Zeytinburnu,0,0,Doğalgaz,1170966
260,4,1,44,10,Zeytinburnu,0,1,Merkezi,3366909
250,3,2,42,7,Beyoğlu,0,0,Merkezi,4688730
278,1,1,37,1,Fatih,0,0,Klima,4120858
98,2,2,48,14,Levent,0,1,Klima,2906507
272,5,2,15,5,Sarıyer,1,1,Kombi,10115008
108,6,3,46,9,Maltepe,0,1,Merkezi,1781629
135,5,1,6,8,Maltepe,0,0,Doğalgaz,2243023
270,4,3,38,2,Levent,0,1,Doğalgaz,7171614
208,3,2,44,1,Bahçelievler,1,0,Doğalgaz,2763701
264,2,1,48,3,Şişli,1,0,Kömür,6109344
65,3,3,1,2,Sarıyer,1,0,Kömür,2644440
190,3,3,38,13,Etiler,0,1,Kombi,5667419
294,4,2,43,14,Şişli,0,0,Kömür,6165550
133,4,1,2,12,Kadıköy,0,0,Kombi,3930613
239,4,1,45,14,Kadıköy,0,0,Kömür,5072250
189,6,3,36,10,Kadıköy,0,1,Klima,5584858
137,4,2,24,6,Kartal,1,0,Elektrik,2528841
112,3,3,45,9,Üsküdar,0,0,Kömür,1770529
299,5,1,4,14,Kartal,0,0,Kömür,5330479
290,2,1,49,17,Şişli,1,0,Kömür,6836635
279,4,2,24,8,Kadıköy,1,1,Elektrik,9031406
233,3,1,8,2,Etiler,1,1,Merkezi,10974694
89,5,2,33,14,Pendik,0,0,Kombi,673935
195,2,1,12,4,Bahçelievler,1,0,Kombi,3642840
111,4,3,39,1,Pendik,0,1,Elektrik,1319005
265,5,2,32,15,Beylikdüzü,1,1,Klima,5021935
219,2,2,6,4,Ataşehir,1,1,Elektrik,4192909
72,1,1,29,6,Bahçelievler,0,1,Doğalgaz,1582696
270,3,1,12,13,Beşiktaş,0,0,Elektrik,6169800
147,4,2,34,15,Üsküdar,0,1,Doğalgaz,3247407
273,5,1,14,4,Levent,0,1,Kombi,10848392
291,5,1,11,16,Etiler,0,0,Merkezi,11046521
259,5,4,28,11,Beylikdüzü,1,0,Merkezi,6175532
56,2,2,46,14,Kadıköy,1,0,Kombi,871360
275,3,3,16,2,Bakırköy,0,0,Merkezi,6100929
206,3,3,46,13,Başakşehir,0,0,Elektrik,2977728
175,2,2,20,14,Levent,0,0,Klima,5034948
234,3,1,37,14,Ataşehir,1,0,Kömür,4522951
73,3,3,15,7,Etiler,0,0,Doğalgaz,2443747
57,5,3,6,2,Levent,1,0,Merkezi,2608663
171,4,3,24,13,Üsküdar,0,0,Kombi,3728763
58,3,2,21,1,Pendik,1,0,Doğalgaz,678235
121,4,2,17,13,Üsküdar,1,1,Klima,3593254
266,5,3,7,10,Levent,0,0,Kombi,9092470
170,4,1,21,19,Pendik,0,1,Merkezi,2580785
146,4,1,12,0,Maltepe,1,0,Klima,2174918
215,4,2,49,14,Bahçelievler,0,0,Kombi,2389105
252,2,2,8,5,Pendik,1,0,Kömür,2890508
253,5,2,19,14,Sarıyer,1,0,Merkezi,8770382
181,4,3,2,8,Şişli,0,0,Doğalgaz,8724186
61,3,1,44,18,Fatih,0,1,Merkezi,840880
185,5,2,31,18,Şişli,0,0,Doğalgaz,4394887
86,6,4,2,9,Bahçelievler,0,0,Kombi,2061084
256,3,2,29,19,Pendik,1,1,Kombi,3419616
237,1,1,31,8,Beyoğlu,0,1,Kömür,4182149
115,4,3,38,9,Fatih,1,0,Kömür,1965558
180,4,2,14,0,Beşiktaş,0,1,Doğalgaz,7315513
136,4,1,1,4,Kadıköy,1,0,Klima,4248043
109,3,2,38,19,Beylikdüzü,0,0,Kömür,1307309
298,3,3,4,0,Şişli,1,0,Merkezi,13973088
96,3,3,13,15,Levent,0,0,Kombi,3421817
50,3,2,11,0,Fatih,0,0,Kombi,785188
156,4,2,36,16,Şişli,1,1,Merkezi,4367995
256,4,2,19,17,Bakırköy,1,0,Doğalgaz,4873341
75,1,1,5,4,Bakırköy,1,0,Kombi,1462219
255,4,1,49,10,Kartal,0,0,Klima,3522621
88,4,2,49,11,Üsküdar,0,0,Merkezi,1456688
101,4,1,7,17,Levent,0,1,Elektrik,3058571
151,5,1,33,0,Beylikdüzü,1,1,Kombi,2846466
163,3,3,46,7,Başakşehir,1,0,Kombi,2728322
245,4,1,15,13,Fatih,0,0,Doğalgaz,3934346
269,2,2,8,0,Başakşehir,0,1,Klima,5029662
126,3,1,33,5,Bahçelievler,0,0,Elektrik,1868003
131,5,1,44,10,Kartal,0,0,Merkezi,1693056
262,3,1,6,14,Başakşehir,1,0,Klima,4157294
98,4,2,37,10,Üsküdar,1,0,Elektrik,2254349
223,4,2,7,15,Şişli,1,1,Elektrik,8515840
202,3,1,36,14,Kartal,0,0,Kombi,2144664
119,4,2,42,12,Beyoğlu,1,0,Merkezi,2476742
166,5,1,10,18,Ataşehir,0,1,Kombi,3563728
83,2,2,45,14,Kartal,0,0,Doğalgaz,699305
207,4,1,3,10,Maltepe,0,1,Elektrik,5513595
208,4,1,41,9,Bahçelievler,1,0,Merkezi,2859127
103,4,1,41,14,Kadıköy,1,0,Merkezi,2607952
263,4,3,14,9,Bakırköy,0,0,Klima,6991047
201,3,1,36,3,Etiler,0,1,Elektrik,5761873
251,5,3,9,0,Levent,0,0,Merkezi,8164875
157,5,1,16,15,Beşiktaş,0,0,Doğalgaz,4320634
60,3,1,24,1,Pendik,0,0,Kombi,674311
91,3,2,48,10,Pendik,1,0,Doğalgaz,802517
267,3,3,44,13,Üsküdar,0,0,Kömür,4890269
122,3,1,40,6,Fatih,0,0,Merkezi,1538313
54,2,2,7,5,Bahçelievler,0,0,Elektrik,795067
107,3,2,22,11,Etiler,1,0,Doğalgaz,4373578
79,3,2,35,4,Zeytinburnu,0,0,Kömür,751134
257,3,2,15,11,Maltepe,0,0,Merkezi,4073501
193,3,1,39,4,Şişli,1,1,Klima,4274109
79,4,2,17,7,Fatih,1,0,Doğalgaz,2021864
87,2,1,35,0,Etiler,0,0,Kömür,2187389
51,5,2,10,2,Maltepe,0,0,Merkezi,827215
104,2,2,14,4,Fatih,0,0,Doğalgaz,1727694
215,5,1,23,9,Bahçelievler,1,1,Kömür,5267757
229,5,1,34,1,Bahçelievler,0,0,Klima,3575758
259,4,3,24,0,Üsküdar,1,0,Klima,7072962
103,5,1,34,8,Ataşehir,1,0,Kömür,1782081
198,1,1,3,12,Ataşehir,0,1,Klima,5469827
190,5,3,28,5,Fatih,0,0,Merkezi,4353726
200,2,1,18,1,Zeytinburnu,0,0,Klima,3234455
208,4,4,18,8,Ataşehir,0,0,Kömür,4747647
164,2,2,32,3,Beylikdüzü,1,0,Kombi,2087955
173,3,2,37,6,Fatih,1,1,Klima,2922760
276,3,2,13,6,Zeytinburnu,1,1,Klima,3988008
179,2,2,37,14,Başakşehir,0,0,Kömür,1881385
182,3,1,49,12,Ataşehir,1,1,Elektrik,4065625
213,3,1,10,19,Levent,0,0,Doğalgaz,5423529
83,3,2,39,2,Ataşehir,0,0,Merkezi,1337486
70,6,1,16,8,Maltepe,1,1,Elektrik,1148771
146,5,1,39,10,Bahçelievler,0,0,Elektrik,2077627
226,4,1,23,12,Beyoğlu,0,1,Elektrik,5036277
150,1,1,22,10,Maltepe,1,1,Kömür,2269067
66,6,2,30,13,Sarıyer,1,1,Klima,2480497
292,2,1,4,4,Başakşehir,1,1,Klima,6240168
87,2,2,16,7,Kadıköy,1,0,Merkezi,2326474
227,1,1,3,13,Etiler,0,1,Klima,10812029
163,3,1,26,7,Bahçelievler,0,0,Doğalgaz,3298738
193,5,2,10,9,Kartal,0,1,Klima,2792909
202,3,2,24,17,Ataşehir,1,0,Kombi,3429546
81,4,1,20,2,Maltepe,1,0,Kombi,1496157
61,5,1,12,7,Beşiktaş,1,0,Doğalgaz,1971183
273,2,2,42,12,Kartal,0,0,Elektrik,2857699
76,6,2,22,11,Kadıköy,1,0,Elektrik,2104895
233,4,1,22,6,Fatih,0,1,Klima,5072104
185,4,1,0,11,Maltepe,1,1,Klima,3627376
273,5,2,24,9,Zeytinburnu,1,1,Elektrik,5642241
115,3,3,35,9,Zeytinburnu,1,0,Kombi,1701554
63,4,3,19,10,Beylikdüzü,1,1,Klima,1578534
260,6,1,3,19,Beşiktaş,1,0,Doğalgaz,9247865
279,3,2,20,9,Fatih,1,0,Kombi,6112539
69,3,3,28,13,Başakşehir,1,0,Klima,1044790
293,4,2,33,17,Etiler,1,0,Elektrik,8108751
112,2,1,44,11,Şişli,1,1,Kömür,3082751
241,4,1,29,16,Kartal,0,0,Doğalgaz,2818620
269,4,4,44,0,Beyoğlu,0,0,Kombi,4985211
268,4,4,10,6,Beyoğlu,0,0,Klima,5355367
110,6,1,42,16,Etiler,0,0,Kömür,3274626
158,5,1,34,13,Bahçelievler,0,0,Elektrik,2053675
261,5,2,4,3,Etiler,0,0,Elektrik,13439563
291,5,3,35,5,Levent,0,0,Elektrik,7564731
106,5,2,35,11,Başakşehir,0,0,Klima,1273674
232,5,1,15,15,Sarıyer,1,0,Elektrik,7346936
93,2,2,42,19,Pendik,1,0,Kombi,752112
227,3,1,14,17,Pendik,1,0,Kömür,2081573
225,5,1,43,13,Sarıyer,1,1,Klima,5188231
180,4,1,48,18,Kartal,0,1,Merkezi,2520559
238,2,1,3,9,Beyoğlu,0,0,Doğalgaz,6548481
201,2,2,42,8,Ataşehir,1,0,Kombi,3893318
287,4,2,20,4,Pendik,1,1,Merkezi,4494766
147,5,2,38,11,Bahçelievler,0,0,Kömür,2178218
187,6,3,48,6,Kadıköy,1,0,Kombi,5096050
165,4,1,20,14,Beylikdüzü,1,1,Kombi,3243970
282,4,3,48,1,Zeytinburnu,0,0,Klima,4093468
146,3,3,38,19,Beylikdüzü,0,0,Klima,1609731
246,6,1,9,7,Maltepe,0,1,Doğalgaz,4872321
134,3,2,14,15,Fatih,1,0,Elektrik,2337832
247,5,1,2,12,Bahçelievler,1,0,Kömür,6828686
210,4,1,7,4,Beyoğlu,1,1,Elektrik,4653634
271,4,1,31,8,Şişli,1,0,Kombi,8574418
112,4,1,29,12,Fatih,0,1,Elektrik,2713671
108,2,1,24,2,Beşiktaş,0,1,Kömür,3775740
175,3,3,27,8,Zeytinburnu,1,0,Elektrik,3194815
221,6,3,43,11,Beşiktaş,0,0,Merkezi,6528473
125,3,1,20,0,Ataşehir,0,0,Elektrik,2289242
224,2,2,22,15,Fatih,0,1,Kömür,4646521
143,6,2,19,15,Levent,0,0,Kömür,3782405
96,2,2,0,7,Kartal,0,0,Elektrik,1542179
235,4,1,20,2,Kartal,1,0,Merkezi,3882448
277,5,3,34,12,Fatih,1,0,Elektrik,5243731
268,4,1,45,5,Beşiktaş,0,0,Elektrik,5964564
196,6,1,19,16,Bahçelievler,0,1,Klima,4016412
264,2,2,45,18,Zeytinburnu,1,0,Klima,3322545
222,6,2,18,14,Başakşehir,0,0,Elektrik,3106586
213,2,1,32,19,Beylikdüzü,0,0,Kömür,2454387
236,4,2,3,7,Levent,1,0,Doğalgaz,11822959
169,2,1,28,16,Zeytinburnu,0,0,Kömür,1966094
287,5,2,4,15,Beşiktaş,1,0,Doğalgaz,10630442
250,5,2,16,1,Fatih,1,0,Kombi,4934698
224,2,2,45,14,Beyoğlu,0,0,Kombi,2793143
199,4,2,19,18,Şişli,0,0,Merkezi,4686525
199,5,4,43,1,Zeytinburnu,0,0,Merkezi,3110883
121,4,1,24,17,Maltepe,0,0,Elektrik,1396775
185,3,2,28,12,Bahçelievler,0,0,Merkezi,3042864
286,4,2,37,16,Zeytinburnu,0,0,Merkezi,2761130
173,3,2,48,9,Fatih,0,1,Merkezi,2832375
86,3,3,20,18,Kadıköy,1,0,Elektrik,1692398
241,4,4,12,13,Beşiktaş,0,0,Klima,8206598
121,5,2,11,15,Levent,0,1,Doğalgaz,5548581
246,1,1,22,12,Bakırköy,1,0,Kombi,5493067
195,2,1,35,17,Kadıköy,0,0,Klima,3400634
162,2,1,14,8,Şişli,1,0,Doğalgaz,5521284
243,5,2,13,17,Kartal,0,0,Kombi,2625876
52,4,1,1,5,Beşiktaş,1,1,Kömür,3013343
218,3,1,0,12,Beylikdüzü,0,1,Kombi,5882506
176,3,2,37,10,Beylikdüzü,0,0,Elektrik,2325912
230,5,2,43,1,Üsküdar,0,0,Kömür,4385165
90,3,1,47,3,Maltepe,0,0,Elektrik,976541
205,3,1,0,0,Pendik,1,0,Merkezi,3195097
195,4,1,30,10,Başakşehir,0,0,Kömür,3689001
211,5,2,37,0,Üsküdar,0,0,Kombi,4635503
207,1,1,10,12,Ataşehir,0,0,Doğalgaz,3443140
241,3,1,5,14,Beşiktaş,0,0,Merkezi,7749197
86,6,1,22,5,Zeytinburnu,1,1,Elektrik,2028243
126,4,1,16,12,Maltepe,1,1,Doğalgaz,2832828
282,4,2,21,18,Kartal,0,1,Doğalgaz,4506352
299,2,1,43,11,Ataşehir,1,0,Klima,4363007
240,2,2,46,1,Üsküdar,0,0,Kömür,4828478
131,4,2,18,4,Şişli,1,0,Merkezi,4754574
150,4,1,26,1,Levent,1,0,Elektrik,6137142
198,4,2,4,16,Bakırköy,1,0,Doğalgaz,4468068
119,2,2,47,11,Etiler,0,1,Klima,3643476
299,4,2,23,14,Bahçelievler,1,1,Doğalgaz,5920731
258,5,4,17,18,Fatih,1,0,Elektrik,5663329
212,3,1,44,16,Üsküdar,1,0,Elektrik,3274723
112,5,2,12,14,Bakırköy,1,1,Klima,2166438
273,5,1,2,9,Beyoğlu,0,0,Klima,7292886
243,3,2,29,14,Beylikdüzü,1,0,Elektrik,5187042
281,3,1,0,3,Başakşehir,1,1,Klima,5681127
281,5,3,8,0,Etiler,1,0,Klima,9663673
58,4,1,3,5,Pendik,0,0,Kömür,1008571
254,5,1,18,5,Levent,0,0,Elektrik,9222502
283,3,2,1,1,Beyoğlu,1,0,Elektrik,6325529
83,3,3,13,6,Pendik,0,0,Merkezi,1116299
230,1,1,18,16,Kartal,1,1,Doğalgaz,3268804
277,4,1,31,17,Pendik,0,1,Elektrik,3074628
201,3,2,3,12,Kartal,1,1,Elektrik,3643302
208,3,1,33,10,Zeytinburnu,0,0,Merkezi,2182309
290,4,1,31,5,Beşiktaş,1,0,Elektrik,8077637
183,3,2,28,10,Bahçelievler,1,0,Kombi,3345827
211,3,3,14,18,Sarıyer,0,1,Kombi,5379871
253,4,1,22,0,Bakırköy,1,1,Merkezi,6809859
224,2,2,12,4,Bahçelievler,1,1,Merkezi,5036932
224,5,1,19,18,Pendik,1,1,Kömür,2503040
295,6,2,40,2,Beşiktaş,0,0,Kömür,6641096
285,1,1,12,17,Maltepe,0,0,Doğalgaz,4175083
186,4,2,21,0,Kartal,1,1,Klima,2418540
186,2,2,17,2,Fatih,0,0,Elektrik,2940262
281,4,2,20,10,Levent,0,0,Kombi,8615223
187,4,1,9,13,Sarıyer,0,1,Klima,6277352
130,2,2,24,2,Sarıyer,0,0,Elektrik,3238724
73,4,3,25,5,Beşiktaş,1,0,Doğalgaz,2575338
258,4,4,26,9,Ataşehir,1,1,Kombi,6557058
183,3,1,24,0,Zeytinburnu,1,0,Klima,2819540
61,1,1,35,12,Kartal,1,1,Merkezi,602026
124,5,2,7,12,Bakırköy,0,0,Elektrik,2028677
282,5,2,12,14,Levent,0,0,Kömür,9612013
153,5,3,31,19,Bakırköy,0,1,Elektrik,2247927
282,3,2,6,9,Levent,1,1,Merkezi,10945426
132,2,2,39,3,Bakırköy,0,0,Klima,1718250
98,5,1,46,8,Beyoğlu,1,0,Merkezi,2269888
133,4,2,32,17,Ataşehir,0,1,Merkezi,2401130
171,4,1,37,17,Kartal,0,0,Doğalgaz,1771415
52,2,2,43,12,Maltepe,0,1,Merkezi,787561
126,4,1,43,5,Üsküdar,0,0,Klima,2559520
233,4,4,11,10,Levent,0,1,Klima,8657805
151,4,4,3,11,Başakşehir,1,1,Kombi,4843832
156,3,3,33,7,Maltepe,0,0,Klima,2115888
288,3,2,16,19,Sarıyer,0,1,Merkezi,7718675
186,5,3,27,9,Etiler,1,0,Kömür,9460076
153,5,2,26,4,Ataşehir,0,0,Doğalgaz,3989909
222,2,1,26,1,Maltepe,1,0,Merkezi,3753422
290,4,1,29,2,Kartal,0,0,Merkezi,3658534
66,5,1,19,17,Başakşehir,1,0,Merkezi,1028452
158,6,1,10,8,Beşiktaş,0,0,Klima,4491276
147,4,1,3,4,Levent,1,0,Kombi,6613295
125,5,1,6,14,Pendik,1,1,Doğalgaz,1761021
255,5,2,14,17,Şişli,0,0,Kömür,5942015
196,4,1,45,3,Ataşehir,0,1,Klima,3706695
160,5,3,35,1,Beylikdüzü,1,0,Klima,2976771
83,5,2,22,12,Sarıyer,0,0,Doğalgaz,2545143
106,4,1,5,4,Beşiktaş,1,0,Kömür,2996915
134,3,1,21,14,Ataşehir,0,0,Elektrik,2855198
213,4,3,22,17,Sarıyer,1,1,Elektrik,6113972
228,2,1,46,3,Bahçelievler,1,1,Kombi,3168078
198,2,1,30,9,Şişli,1,0,Merkezi,7005103
58,3,2,21,16,Sarıyer,1,0,Doğalgaz,1628221
198,4,3,24,18,Kadıköy,0,1,Elektrik,6192056
153,2,1,5,0,Sarıyer,0,0,Doğalgaz,4396111
106,3,3,28,8,Şişli,0,0,Kombi,3719540
52,2,2,47,14,Beylikdüzü,0,0,Kömür,634778
267,2,2,3,17,Ataşehir,0,1,Doğalgaz,6425588
127,4,4,3,18,Kartal,1,0,Doğalgaz,2505337
294,4,2,5,7,Levent,0,1,Elektrik,12204864
253,3,3,24,19,Kartal,1,0,Kömür,3030679
71,4,3,6,13,Zeytinburnu,1,0,Elektrik,1354810
132,4,1,7,0,Beyoğlu,0,0,Merkezi,2532176
76,3,3,4,13,Fatih,1,0,Merkezi,1829160
99,3,2,4,1,Şişli,0,0,Kömür,3914655
133,4,2,13,18,Üsküdar,1,0,Kombi,3770463
73,3,2,7,9,Maltepe,0,1,Merkezi,1077651
111,4,1,19,8,Kadıköy,0,0,Kombi,2507081
180,3,2,15,1,Kartal,0,0,Kombi,2564816
220,4,1,46,5,Levent,0,0,Doğalgaz,7233622
196,4,2,29,1,Başakşehir,1,0,Doğalgaz,3760741
122,4,2,40,3,Fatih,0,0,Elektrik,1540502
132,2,1,14,18,Sarıyer,1,0,Merkezi,3532454
147,3,1,0,16,Şişli,0,1,Kombi,5272011
132,6,1,44,13,Ataşehir,0,0,Klima,2697311
194,4,2,49,2,Ataşehir,1,0,Klima,4037146
160,3,2,8,18,Beyoğlu,0,0,Doğalgaz,3031020
219,4,1,38,16,Kartal,1,0,Merkezi,2901513
112,3,1,42,15,Maltepe,1,0,Elektrik,1267057
111,4,2,17,15,Üsküdar,0,1,Kömür,2737718
213,5,2,45,2,Kartal,1,1,Klima,2979652
287,3,3,16,8,Beylikdüzü,0,1,Merkezi,6004029
237,3,3,8,17,Beylikdüzü,1,0,Doğalgaz,4653876
156,4,3,39,3,Şişli,0,0,Kombi,4093209
67,5,1,10,12,Ataşehir,0,0,Kömür,1182013
103,1,1,0,2,Ataşehir,0,0,Elektrik,2360636
87,2,2,48,9,Üsküdar,1,1,Elektrik,2116324
96,4,1,4,0,Ataşehir,0,0,Klima,2693027
72,3,2,23,12,Zeytinburnu,0,1,Merkezi,1350112
85,4,1,38,15,Etiler,1,0,Kömür,2551485
292,5,1,40,4,Sarıyer,1,1,Elektrik,8530154
244,3,1,8,14,Kadıköy,1,0,Kömür,6389186
288,4,2,39,1,Şişli,0,1,Elektrik,6649883
295,2,1,42,9,Bahçelievler,1,0,Kömür,4432011
164,3,2,27,10,Pendik,0,0,Doğalgaz,1902219
196,3,2,23,7,Kadıköy,1,0,Kombi,5771087
274,4,2,46,9,Beşiktaş,0,0,Klima,6909067
295,4,1,46,12,Pendik,1,0,Kömür,3453891
88,2,2,6,12,Şişli,0,1,Kombi,2216025
98,6,3,16,10,Sarıyer,0,0,Kömür,3060743
166,3,2,15,8,Beyoğlu,0,1,Merkezi,4362178
129,3,1,40,6,Başakşehir,0,0,Kömür,1944579
222,4,1,45,7,Fatih,0,0,Klima,3131574
185,5,1,39,3,Sarıyer,1,0,Doğalgaz,5284497
131,3,3,14,19,Sarıyer,1,0,Merkezi,3301976
132,2,2,39,3,Fatih,0,1,Merkezi,2177521
156,5,1,1,16,Bahçelievler,0,0,Klima,2664382
297,4,1,7,8,Üsküdar,0,1,Kombi,9303527
88,4,3,34,4,Bahçelievler,0,1,Elektrik,1304088
141,2,2,28,16,Sarıyer,0,0,Merkezi,3285295
139,5,2,21,9,Zeytinburnu,0,0,Kömür,2463815
65,3,1,39,12,Şişli,0,0,Elektrik,1542317
93,4,2,25,1,Kadıköy,0,0,Merkezi,2369251
111,5,1,37,14,Pendik,1,1,Merkezi,1159375
271,3,1,45,12,Üsküdar,1,1,Elektrik,4544740
230,5,3,22,5,Etiler,1,1,Doğalgaz,13461663
210,3,1,21,5,Levent,0,1,Elektrik,8768518
109,1,1,5,13,Fatih,1,0,Doğalgaz,2366602
153,4,1,7,10,Maltepe,1,1,Kömür,3588132
76,6,1,30,9,Bakırköy,0,0,Kömür,1702397
193,3,1,10,18,Sarıyer,0,0,Klima,3661523
294,3,1,13,17,Beyoğlu,1,0,Doğalgaz,4863343
284,1,1,4,9,Maltepe,0,0,Merkezi,6075265
68,3,2,42,19,Levent,0,1,Kombi,1652492
275,3,2,4,18,Ataşehir,0,0,Elektrik,7579123
219,4,2,10,10,Sarıyer,1,0,Doğalgaz,8260995
169,5,1,4,8,Beşiktaş,1,1,Klima,7188023
199,2,2,3,0,Kartal,0,1,Klima,3414582
224,4,3,49,19,Başakşehir,1,0,Merkezi,2905056
256,5,3,29,5,Levent,0,0,Doğalgaz,9843233
254,4,3,1,3,Levent,0,1,Elektrik,10737999
92,2,1,39,16,Kadıköy,1,1,Kombi,2194408
111,4,2,46,15,Üsküdar,0,1,Elektrik,2650855
122,6,1,41,16,Üsküdar,1,1,Klima,2554499
144,5,1,38,11,Beylikdüzü,1,1,Elektrik,2972196
196,4,3,6,11,Ataşehir,0,0,Kömür,3629037
265,2,1,36,19,Pendik,1,1,Elektrik,3036543
89,1,1,10,13,Sarıyer,1,0,Elektrik,1864439
187,3,1,12,3,Kartal,0,1,Elektrik,2158326
241,2,2,22,1,Levent,1,1,Kombi,9155458
239,2,2,39,13,Zeytinburnu,0,0,Kombi,2244862
136,2,2,30,9,Etiler,1,0,Klima,5158157
58,2,1,17,18,Beylikdüzü,1,0,Doğalgaz,906948
256,4,3,16,8,Pendik,1,0,Elektrik,3721890
126,4,2,43,5,Bahçelievler,1,0,Kömür,2260246
67,2,2,24,7,Pendik,0,1,Doğalgaz,791920
260,4,2,13,3,Ataşehir,1,1,Klima,7397873
236,2,2,27,2,Ataşehir,0,0,Kömür,5201568
199,4,2,7,5,Sarıyer,0,1,Kombi,6129113
236,3,2,28,4,Beyoğlu,0,0,Kömür,3773080
262,5,1,21,3,Sarıyer,0,1,Merkezi,9086161
69,3,1,35,0,Bahçelievler,0,0,Kömür,759755
121,5,1,45,7,Levent,0,0,Elektrik,4087909
216,1,1,15,1,Beyoğlu,1,0,Merkezi,4768912
62,5,1,29,17,Maltepe,0,0,Klima,771261
104,4,1,14,8,Kartal,0,1,Kömür,1436514
177,1,1,8,14,Zeytinburnu,0,0,Kombi,2340791
58,3,2,44,13,Fatih,1,0,Doğalgaz,1014868
61,3,3,10,6,Bahçelievler,0,1,Klima,1059093
270,5,3,5,17,Sarıyer,0,1,Klima,7743969
249,5,1,10,16,Zeytinburnu,0,0,Elektrik,2868524
152,3,2,18,5,Beylikdüzü,0,0,Elektrik,2868741
293,4,1,42,3,Şişli,1,0,Kombi,7714574
154,3,2,18,2,Etiler,0,0,Kömür,5792533
219,3,3,11,7,Bahçelievler,1,0,Doğalgaz,3783686
204,2,1,11,13,Beyoğlu,0,1,Doğalgaz,3781758
201,4,2,25,19,Etiler,1,0,Elektrik,8696819
54,2,2,48,14,Beşiktaş,0,1,Klima,1175448
224,3,3,19,11,Beylikdüzü,1,0,Elektrik,4511570
178,3,2,2,19,Beylikdüzü,1,0,Doğalgaz,4499761
274,2,2,45,19,Sarıyer,1,0,Merkezi,5856991
171,4,3,47,11,Bahçelievler,1,0,Kömür,3001519
269,5,2,2,7,Zeytinburnu,0,0,Klima,4594582
296,3,3,44,4,Kadıköy,0,1,Merkezi,5828206
122,5,3,39,18,Levent,1,0,Elektrik,2919136
139,5,2,27,8,Bahçelievler,0,1,Klima,2531810
211,2,1,11,0,Sarıyer,0,0,Kömür,5294858
114,2,2,41,14,Şişli,1,0,Kömür,2361772
57,2,1,25,12,Kadıköy,0,0,Kombi,1273333
55,4,1,7,14,Ataşehir,1,0,Kombi,1253297
294,3,1,4,16,Kadıköy,0,0,Elektrik,9597913
267,3,1,49,17,Üsküdar,0,1,Klima,5431045
184,3,1,18,10,Üsküdar,0,0,Elektrik,4502424
197,4,2,47,11,Başakşehir,1,0,Klima,2666278
156,6,2,35,12,Ataşehir,0,0,Doğalgaz,2561320
256,3,1,15,15,Şişli,0,0,Merkezi,5944694
286,4,1,7,14,Şişli,1,1,Merkezi,9049616
57,2,2,38,9,Bakırköy,0,0,Merkezi,793069
279,4,2,28,6,Fatih,1,1,Kombi,5784865
246,1,1,45,11,Kartal,0,1,Kömür,2381729
195,3,2,8,4,Fatih,1,0,Kömür,4009138
240,3,1,16,3,Başakşehir,0,0,Kombi,3183676
209,4,3,21,0,Başakşehir,0,1,Doğalgaz,3859517
283,1,1,22,13,Zeytinburnu,1,0,Kömür,4849914
72,2,2,4,14,Kartal,0,1,Elektrik,1397011
275,2,2,24,9,Beylikdüzü,1,0,Kombi,5160058
168,5,1,34,19,Beyoğlu,0,0,Klima,2260083
134,5,4,16,1,Pendik,1,0,Elektrik,1439612
124,3,1,34,15,Pendik,0,1,Klima,1076266
97,4,1,3,6,Beşiktaş,0,0,Elektrik,4177968
128,3,3,46,13,Ataşehir,0,0,Klima,2021576
92,5,1,35,7,Levent,1,0,Kombi,2827773
142,4,1,22,15,Kadıköy,0,0,Elektrik,4035537
174,3,1,35,14,Bakırköy,0,0,Kömür,2577757
113,3,3,28,19,Ataşehir,1,0,Klima,2286203
273,4,1,35,12,Fatih,0,1,Klima,3989491
167,3,3,46,3,Pendik,0,0,Elektrik,1560199
165,4,3,8,3,Ataşehir,0,0,Kombi,3948677
124,3,2,28,11,Zeytinburnu,0,1,Elektrik,1617047
184,2,1,30,2,Üsküdar,0,1,Kombi,3963184
230,5,2,9,1,Zeytinburnu,1,0,Kömür,3689788
65,3,3,42,0,Bakırköy,0,0,Kömür,1023366
160,5,1,32,10,Ataşehir,1,0,Klima,2883822
155,5,2,3,11,Ataşehir,0,0,Doğalgaz,3799943
124,5,1,41,16,Zeytinburnu,1,1,Merkezi,1425787
231,3,1,24,9,Beşiktaş,1,0,Kömür,7781012
154,4,1,15,12,Şişli,1,1,Kömür,4274132
90,6,1,24,1,Sarıyer,0,0,Merkezi,2023625
59,2,1,19,6,Kartal,1,0,Kömür,857302
201,4,2,13,1,Bakırköy,0,1,Kombi,4594451
174,1,1,45,13,Maltepe,1,0,Kömür,2273247
107,3,1,35,12,Pendik,0,0,Klima,969924
149,4,1,44,3,Beylikdüzü,1,0,Klima,2106300
158,3,1,3,7,Üsküdar,0,0,Klima,3876395
189,3,2,13,6,Şişli,0,1,Merkezi,7292511
103,5,2,44,19,Beyoğlu,1,0,Doğalgaz,1616169
92,1,1,16,18,Bakırköy,0,0,Klima,1771597
190,6,2,8,5,Beylikdüzü,1,0,Doğalgaz,4587749
118,3,1,0,19,Ataşehir,0,0,Merkezi,3377355
103,3,2,25,15,Fatih,1,0,Kombi,2064873
107,4,1,1,19,Maltepe,1,0,Kombi,1808400
180,4,2,43,11,Levent,0,0,Merkezi,5596526
292,4,2,44,10,Etiler,0,0,Kömür,8523759
101,4,3,42,18,Pendik,0,0,Kombi,939681
164,4,2,27,8,Pendik,0,0,Elektrik,1754810
61,4,1,10,9,Ataşehir,1,0,Klima,1553275
241,3,2,48,9,Bahçelievler,0,1,Doğalgaz,3808089
101,4,1,10,6,Beyoğlu,0,0,Doğalgaz,2496156
159,3,3,36,13,Beylikdüzü,1,1,Kombi,3172308
174,4,1,3,10,Zeytinburnu,1,0,Kömür,3682884
141,5,1,22,17,Bakırköy,0,1,Doğalgaz,2966591
103,4,1,13,13,Zeytinburnu,0,0,Doğalgaz,1353134
287,3,2,14,13,Pendik,1,0,Kömür,3107830
96,4,2,37,9,Üsküdar,1,0,Elektrik,1852703
123,4,2,49,5,Bakırköy,1,0,Klima,2002167
237,2,2,42,3,Pendik,0,0,Kömür,2286961
84,2,1,35,17,Zeytinburnu,0,0,Klima,893821
170,3,1,15,2,Bakırköy,0,0,Doğalgaz,3335967
66,4,1,47,6,Kartal,0,0,Elektrik,709926
115,4,3,17,6,Beşiktaş,1,0,Kömür,5091716
139,2,2,7,18,Levent,0,0,Merkezi,4884900
298,5,1,11,6,Kartal,1,0,Klima,5260783
210,4,1,1,19,Kadıköy,0,0,Klima,5461457
184,5,1,36,0,Beyoğlu,1,0,Klima,3073628
172,4,1,28,1,Ataşehir,1,0,Klima,4437843
234,1,1,30,13,Fatih,0,0,Doğalgaz,3266479
226,4,1,31,4,Beylikdüzü,1,1,Doğalgaz,4206805
123,4,1,6,14,Şişli,0,1,Merkezi,3642163
84,2,1,12,18,Sarıyer,1,0,Doğalgaz,1906145
224,4,1,44,7,Üsküdar,0,0,Kombi,5242018
109,3,1,6,14,Levent,1,1,Kombi,4592627
162,4,1,42,15,Zeytinburnu,1,0,Elektrik,1726994
61,6,3,45,15,Bakırköy,1,0,Klima,902478
183,4,3,17,12,Levent,0,0,Elektrik,6778196
112,4,2,26,14,Beylikdüzü,0,0,Elektrik,2097539
117,2,1,2,7,Üsküdar,0,1,Elektrik,3328733
222,3,1,17,14,Fatih,0,0,Merkezi,3249788
224,5,1,49,14,Şişli,0,1,Klima,6738840
102,4,4,44,11,Bakırköy,0,0,Kombi,1859109
263,2,2,17,11,Beyoğlu,1,0,Elektrik,5272972
196,4,1,48,4,Kartal,1,0,Merkezi,2268074
129,4,2,21,15,Üsküdar,1,1,Klima,4316851
121,2,2,20,7,Bakırköy,0,0,Kömür,2256246
164,4,2,22,12,Bakırköy,0,0,Doğalgaz,2947848
106,2,1,43,17,Zeytinburnu,0,1,Merkezi,1153396
184,5,2,5,8,Maltepe,1,0,Doğalgaz,2993601
89,4,2,22,19,Beyoğlu,0,0,Doğalgaz,1827613
218,2,1,40,5,Maltepe,1,0,Klima,2339779
124,4,3,34,0,Beşiktaş,0,0,Doğalgaz,3313885
174,2,1,0,3,Bahçelievler,0,0,Kombi,2879564
275,5,2,18,18,Beylikdüzü,1,0,Kömür,4620685
91,2,1,43,7,Maltepe,0,0,Doğalgaz,1160167
183,4,1,40,15,Levent,0,1,Kombi,6001106
298,3,1,8,14,Maltepe,0,1,Kombi,4161163
203,5,1,34,19,Bahçelievler,1,0,Kombi,3087669
160,4,3,41,12,Beşiktaş,1,0,Merkezi,5214154
289,3,1,29,10,Beylikdüzü,0,0,Kombi,5998816
169,3,1,8,19,Levent,0,0,Merkezi,5930619
152,6,2,22,13,Başakşehir,0,1,Doğalgaz,2538108
80,6,1,16,12,Beşiktaş,1,1,Kombi,2960299
155,4,1,34,17,Beşiktaş,0,0,Merkezi,3873536
263,3,1,46,15,Kartal,1,1,Kömür,3414440
285,5,3,48,18,Bahçelievler,1,0,Doğalgaz,3981801
266,5,1,7,17,Başakşehir,0,1,Merkezi,5639857
240,5,3,9,1,Şişli,0,1,Kombi,6642246
183,4,1,16,13,Fatih,1,0,Kömür,3041849
275,2,1,13,18,Üsküdar,1,0,Klima,6309843
271,5,3,47,6,Kadıköy,0,1,Elektrik,7613045
105,4,2,2,12,Beyoğlu,0,1,Merkezi,3147196
279,2,1,10,9,Etiler,0,0,Kömür,11020493
282,3,2,47,4,Üsküdar,1,1,Elektrik,6725125
148,5,2,30,16,Etiler,0,0,Kombi,5332446
295,5,1,5,14,Şişli,1,0,Klima,9634465
239,5,1,23,7,Etiler,0,0,Merkezi,8059295
290,3,1,14,11,Beyoğlu,0,0,Klima,4525655
248,5,2,24,5,Beşiktaş,0,0,Doğalgaz,8418813
150,4,2,28,19,Sarıyer,0,1,Elektrik,3700601
65,5,2,42,16,Fatih,0,0,Klima,1051122
216,3,2,38,4,Üsküdar,0,0,Elektrik,3449413
214,3,2,1,8,Beyoğlu,0,0,Doğalgaz,5278028
211,2,1,45,0,Kadıköy,1,1,Merkezi,4689732
265,3,1,26,10,Beylikdüzü,1,1,Doğalgaz,5460014
232,1,1,15,1,Beylikdüzü,0,0,Merkezi,3278154
62,2,2,48,4,Levent,1,1,Klima,2071632
195,5,1,33,3,Bahçelievler,1,0,Elektrik,3321332
89,3,3,3,13,Etiler,0,1,Merkezi,4275331
267,3,1,11,9,Beyoğlu,0,1,Kömür,5535726
265,2,2,48,16,Fatih,0,0,Doğalgaz,3052573
112,2,1,29,10,Üsküdar,1,0,Klima,2604346
147,5,1,17,16,Levent,0,0,Klima,5243153
233,2,2,18,11,Maltepe,0,1,Elektrik,2878595
134,4,1,0,15,Beyoğlu,0,1,Kombi,3110888
129,2,2,42,16,Fatih,1,1,Merkezi,1807369
120,4,3,44,3,Beyoğlu,1,0,Elektrik,2235020
51,2,1,36,11,Fatih,1,1,Klima,861706
231,2,2,18,17,Üsküdar,0,0,Merkezi,5711454
254,6,4,25,0,Fatih,0,0,Merkezi,4863508
234,4,2,32,15,Pendik,1,0,Merkezi,2721827
203,5,2,28,1,Beylikdüzü,0,0,Klima,4046583
107,4,3,6,8,Sarıyer,0,0,Doğalgaz,3611652
152,4,3,29,3,Kadıköy,0,0,Doğalgaz,4024831
164,3,1,11,15,Kadıköy,1,0,Elektrik,4501678
258,2,2,1,3,Üsküdar,0,0,Klima,6196348
237,1,1,32,10,Bakırköy,0,0,Kombi,3364862
215,3,2,45,0,Levent,0,1,Doğalgaz,4869205
170,3,3,3,16,Levent,0,0,Kömür,6829192
235,4,2,28,9,Bahçelievler,0,0,Klima,3695803
150,4,1,13,16,Üsküdar,0,0,Elektrik,3294394
169,4,3,8,12,Bakırköy,0,0,Klima,3129804
68,2,2,25,13,Fatih,1,0,Klima,1206451
243,5,2,43,0,Şişli,0,0,Merkezi,6241121
98,5,1,35,6,Ataşehir,0,0,Merkezi,1585779
103,3,1,9,15,Üsküdar,0,0,Kömür,2132029
183,4,1,40,13,Etiler,0,0,Kombi,4871979
75,1,1,2,19,Beylikdüzü,0,0,Klima,1597485
157,4,3,43,0,Sarıyer,1,0,Kombi,3680035
75,4,2,39,1,Üsküdar,0,0,Merkezi,1358470
130,5,2,19,19,Levent,1,0,Merkezi,5049117
115,5,2,18,1,Üsküdar,1,0,Merkezi,3009161
149,2,1,29,18,Kartal,0,0,Elektrik,1755618
133,5,1,47,6,Levent,1,0,Kömür,4055087
171,4,3,8,14,Levent,0,0,Doğalgaz,6266393
121,3,2,7,9,Pendik,1,0,Doğalgaz,1872067
63,4,1,45,1,Başakşehir,0,1,Merkezi,829821
239,5,2,38,3,Ataşehir,0,1,Merkezi,5231625
170,6,2,1,11,Bakırköy,1,0,Doğalgaz,4350865
100,4,1,11,8,Başakşehir,0,0,Kombi,1551004
277,2,2,7,3,Zeytinburnu,0,0,Doğalgaz,4175111
231,4,3,43,17,Beylikdüzü,0,1,Klima,3579098
186,3,2,43,11,Beşiktaş,1,0,Doğalgaz,3735268
100,4,2,9,7,Etiler,0,0,Kombi,3643773
88,4,2,27,19,Zeytinburnu,1,0,Elektrik,1177179
159,5,1,41,10,Beyoğlu,1,0,Merkezi,3047343
136,2,1,39,0,Başakşehir,1,0,Merkezi,1792733
275,4,3,17,13,Ataşehir,0,0,Klima,7147039
102,2,2,10,1,Bahçelievler,1,1,Kömür,1925301
89,4,3,17,4,Kadıköy,0,0,Doğalgaz,2200452
257,3,3,7,17,Beylikdüzü,1,0,Kombi,4653091
62,3,1,39,11,Şişli,1,1,Klima,1549990
278,4,1,36,6,Kadıköy,1,0,Merkezi,5839323
217,4,3,14,4,Beyoğlu,0,0,Klima,4907054
218,2,1,41,6,Fatih,1,0,Elektrik,3146423
289,2,1,3,10,Beyoğlu,1,1,Elektrik,10781497
134,4,1,26,6,Pendik,0,0,Kombi,1500580
238,6,3,30,9,Etiler,0,0,Doğalgaz,11804525
289,1,1,4,19,Bakırköy,0,1,Elektrik,6141122
159,2,2,44,15,Üsküdar,1,0,Merkezi,2942682
230,3,2,7,4,Sarıyer,1,0,Kömür,6672218
215,3,1,9,11,Ataşehir,1,1,Doğalgaz,4359938
85,6,1,35,4,Kartal,0,1,Elektrik,876896
212,4,2,33,8,Şişli,0,0,Doğalgaz,4688799
227,4,1,11,19,Maltepe,0,0,Merkezi,2916006
267,2,2,23,2,Maltepe,0,0,Kombi,2907621
239,4,2,48,8,Pendik,0,0,Merkezi,2993427
281,4,1,30,14,Bahçelievler,1,0,Doğalgaz,5261882
265,4,1,46,12,Beşiktaş,1,0,Elektrik,6732405
285,4,3,48,17,Fatih,1,0,Kombi,3689070
104,1,1,43,19,Beylikdüzü,0,1,Elektrik,1468029
256,4,3,18,12,Levent,0,0,Klima,8153172
101,6,1,43,3,Kartal,0,1,Kömür,959050
273,4,1,4,9,Levent,0,0,Klima,13942436
198,2,2,38,13,Bakırköy,0,0,Doğalgaz,2421169
118,1,1,39,5,Zeytinburnu,0,0,Klima,1436569
190,5,3,28,10,Şişli,0,0,Elektrik,5882778
55,5,3,26,15,Beşiktaş,1,0,Elektrik,1817434
231,5,1,20,17,Kadıköy,0,1,Merkezi,7214201
146,6,1,20,2,Fatih,0,0,Kömür,2585839
279,2,1,43,12,Zeytinburnu,1,0,Klima,3531365
247,3,2,22,8,Fatih,0,1,Merkezi,6217600
184,4,2,19,8,Üsküdar,0,0,Elektrik,4581825
149,4,1,17,6,Beşiktaş,0,0,Merkezi,4434826
279,2,1,3,8,Başakşehir,0,0,Kömür,5494827
219,6,2,16,10,Beyoğlu,0,0,Klima,4477828
58,5,2,34,18,Bakırköy,0,1,Doğalgaz,898096
158,4,1,31,6,Fatih,0,0,Doğalgaz,3144695
76,4,2,48,17,Kartal,1,0,Elektrik,895234
120,3,1,8,8,Zeytinburnu,0,1,Kömür,2361588
182,4,2,38,19,Kadıköy,0,1,Elektrik,3313746
255,4,1,19,5,Ataşehir,0,1,Klima,5765575
184,3,2,4,11,Bahçelievler,0,0,Kombi,4269582
195,5,2,43,16,Bahçelievler,0,0,Kombi,2656558
296,4,1,49,5,Kadıköy,1,0,Kömür,6671364
64,1,1,49,2,Üsküdar,1,0,Kömür,984256
125,4,1,12,1,Etiler,0,0,Kombi,4063334
183,5,2,8,12,Bakırköy,0,0,Merkezi,4529654
236,3,2,36,7,Beylikdüzü,1,0,Kombi,3357110
266,5,3,13,12,Üsküdar,0,0,Kombi,5968805
148,4,4,12,19,Pendik,0,0,Kombi,1954915
71,3,3,34,11,Başakşehir,1,0,Kömür,1154519
90,2,2,12,9,Beylikdüzü,0,1,Klima,1879479
222,1,1,25,10,Kadıköy,1,0,Kombi,6045338
165,4,1,10,12,Sarıyer,0,0,Elektrik,3801504
209,4,1,15,11,Beyoğlu,0,1,Klima,5316471
174,3,2,37,1,Bahçelievler,1,0,Klima,2199700
162,5,2,32,17,Bahçelievler,0,0,Kombi,2144400
166,5,2,9,14,Beyoğlu,0,0,Doğalgaz,3858390
274,2,2,33,1,Sarıyer,0,0,Elektrik,4433195
168,3,1,19,12,Ataşehir,0,0,Merkezi,2938499
102,2,1,27,1,Şişli,1,0,Merkezi,2957792
196,4,1,38,3,Etiler,0,1,Doğalgaz,6969093
60,1,1,26,0,Ataşehir,1,1,Elektrik,1684466
140,2,2,0,2,Beyoğlu,0,0,Doğalgaz,3808376
92,3,1,1,17,Şişli,0,0,Merkezi,3437701
58,3,2,30,9,Ataşehir,0,0,Doğalgaz,1531762
288,6,1,9,4,Kadıköy,0,0,Kömür,7590556
279,3,1,4,14,Etiler,1,0,Elektrik,13431709
229,4,4,15,10,Beyoğlu,0,0,Kömür,5909975
235,4,1,24,10,Levent,0,0,Klima,9116239
279,2,2,20,19,Şişli,0,0,Elektrik,7115314
142,4,1,25,9,Maltepe,0,0,Merkezi,2131818
167,3,3,40,7,Sarıyer,0,0,Kömür,3124908
208,5,1,8,12,Beylikdüzü,0,1,Doğalgaz,4662771
269,4,2,41,6,Beyoğlu,1,0,Doğalgaz,5727284
115,4,3,0,9,Bahçelievler,0,0,Klima,2653728
55,4,2,1,17,Kadıköy,1,0,Kömür,1995398
152,6,1,0,16,Başakşehir,0,0,Doğalgaz,3842775
154,2,2,10,11,Kartal,0,0,Klima,1489227
251,5,2,15,7,Beyoğlu,0,0,Elektrik,4882663
193,4,1,0,14,Etiler,0,1,Kömür,11946989
190,6,1,38,8,Başakşehir,0,0,Merkezi,2609757
52,3,3,32,4,Bakırköy,1,0,Merkezi,932139
209,6,2,35,12,Zeytinburnu,0,0,Elektrik,2287995
103,3,2,15,18,Bahçelievler,1,0,Klima,1350768
156,4,3,35,3,Şişli,0,0,Klima,3183034
257,4,2,20,3,Bahçelievler,1,0,Doğalgaz,4358825
103,2,2,30,18,Bahçelievler,1,1,Doğalgaz,1613330
293,1,1,32,2,Levent,0,0,Klima,8120673
51,2,2,36,17,Zeytinburnu,0,0,Merkezi,534070
296,2,2,41,9,Pendik,1,1,Klima,2963357
226,3,1,8,17,Beylikdüzü,1,0,Merkezi,4369786
206,4,1,49,16,Kadıköy,1,0,Kömür,4439758
292,5,1,37,12,Beylikdüzü,0,1,Merkezi,4342554
161,6,1,3,13,Ataşehir,1,0,Klima,4041756
147,5,1,30,12,Zeytinburnu,1,0,Kombi,2168435
79,3,3,25,8,Kadıköy,0,1,Merkezi,2539582
74,4,3,34,8,Levent,0,0,Elektrik,2398967
80,4,3,17,12,Bahçelievler,1,0,Kombi,1621769
105,2,1,36,6,Etiler,0,0,Doğalgaz,2945366
52,4,3,5,10,Fatih,0,1,Kömür,1374053
277,4,2,25,17,Bakırköy,0,0,Doğalgaz,4413194
71,3,2,42,7,Bakırköy,1,1,Merkezi,1252603
281,5,2,14,7,Başakşehir,1,1,Kombi,6495168
76,4,2,41,6,Bahçelievler,1,0,Elektrik,1371991
146,3,3,25,11,Maltepe,0,0,Kombi,1713014
226,3,1,12,0,Beylikdüzü,0,0,Kombi,4029026
166,4,1,38,0,Kadıköy,0,0,Merkezi,3542045
162,5,3,41,17,Üsküdar,0,0,Kömür,2618743
296,3,1,13,5,Levent,0,1,Klima,11540056
100,2,1,49,12,Etiler,0,0,Doğalgaz,2552896
58,2,2,12,1,Bahçelievler,1,0,Kömür,946091
283,6,2,47,16,Beylikdüzü,1,0,Kömür,3889582
253,4,1,29,3,Zeytinburnu,1,0,Kombi,4243451
259,2,2,36,12,Başakşehir,0,0,Kombi,3149408
188,4,1,34,15,Başakşehir,0,0,Klima,2217880
92,3,1,31,18,Beyoğlu,0,0,Doğalgaz,1416767
164,3,3,13,15,Fatih,0,0,Merkezi,2755337
186,4,1,0,9,Kartal,0,0,Elektrik,2860869
77,5,3,39,19,Ataşehir,0,1,Klima,1309136
95,5,3,8,10,Beyoğlu,0,0,Kombi,2065671
208,4,2,36,18,Levent,1,0,Kombi,4829579
179,4,1,1,6,Ataşehir,0,0,Elektrik,6486140
134,4,2,37,19,Maltepe,1,0,Merkezi,1896864
247,3,3,0,18,Beyoğlu,1,0,Elektrik,6495014
106,6,2,4,1,Ataşehir,1,0,Elektrik,3580063
180,4,3,4,7,Etiler,1,0,Kömür,10794505
65,2,2,44,9,Fatih,1,0,Kombi,852432
265,2,2,39,17,Maltepe,0,0,Kömür,3220079
273,5,1,4,15,Beylikdüzü,1,1,Merkezi,6959863
56,3,1,15,2,Şişli,0,1,Klima,1764969
63,4,1,20,16,Sarıyer,0,0,Merkezi,1565290
142,3,3,38,12,Levent,1,0,Doğalgaz,3336301
281,3,1,16,18,Etiler,0,1,Doğalgaz,10303781
133,4,4,23,10,Ataşehir,0,0,Doğalgaz,3405368
176,3,2,34,15,Başakşehir,0,0,Merkezi,2170855
227,3,1,31,8,Beyoğlu,0,0,Kömür,3927935
186,4,1,2,19,Beylikdüzü,1,0,Elektrik,4617572
247,5,2,44,13,Kadıköy,1,0,Kombi,5959866
80,3,3,41,16,Beyoğlu,0,0,Merkezi,1024897
73,5,4,24,19,Beşiktaş,0,0,Elektrik,2337769
276,6,1,41,18,Şişli,0,0,Elektrik,5609320
60,5,3,35,18,Etiler,0,0,Merkezi,1734407
256,5,1,43,1,Kartal,1,0,Elektrik,3152480
215,4,3,10,1,Kadıköy,0,1,Merkezi,7314901
232,2,1,9,2,Kartal,1,0,Doğalgaz,3375075
116,2,1,27,10,Bahçelievler,0,1,Doğalgaz,2451938
260,4,2,43,17,Bahçelievler,1,1,Kombi,3252316
249,3,3,36,17,Beylikdüzü,0,0,Doğalgaz,2829069
92,2,2,13,2,Ataşehir,1,0,Elektrik,1807053
192,4,1,6,13,Beylikdüzü,0,1,Klima,4352653
164,2,1,23,4,Sarıyer,0,0,Elektrik,4722962
256,4,1,0,17,Beşiktaş,1,0,Doğalgaz,8827457
173,1,1,10,9,Beşiktaş,0,1,Merkezi,5458847
259,3,3,7,9,Maltepe,1,0,Kombi,3914090
149,5,3,29,7,Levent,0,0,Klima,4887260
275,3,2,38,6,Etiler,0,0,Elektrik,6776510
181,2,1,24,6,Üsküdar,0,0,Merkezi,4392196
160,3,3,47,10,Kartal,0,0,Merkezi,1986346
248,2,2,8,15,Üsküdar,0,0,Doğalgaz,4784909
74,4,1,18,6,Kartal,0,0,Elektrik,867355
240,3,1,27,14,Beyoğlu,1,1,Doğalgaz,5427468
71,2,2,10,15,Üsküdar,0,1,Elektrik,1400980
217,5,3,1,8,Levent,1,0,Doğalgaz,13829544
285,4,1,32,14,Etiler,1,0,Kömür,10024934
273,5,2,32,7,Kartal,0,0,Klima,3216154
91,4,1,34,17,Beylikdüzü,1,0,Merkezi,1633046
74,3,2,45,1,Fatih,0,1,Doğalgaz,1122367
284,4,1,7,4,Bakırköy,0,0,Kombi,5681561
285,5,3,45,19,Fatih,1,0,Kombi,4176664
162,4,2,20,4,Kadıköy,0,0,Kömür,4024750
114,2,2,7,9,Bakırköy,1,0,Doğalgaz,2746621
187,2,1,10,3,Etiler,0,0,Kömür,6775142
153,3,3,29,11,Etiler,0,0,Kömür,5621597
284,5,3,6,10,Levent,1,0,Doğalgaz,14726938
152,4,1,38,9,Zeytinburnu,0,0,Elektrik,2347867
147,5,2,35,11,Şişli,0,0,Klima,3239918
77,5,2,39,14,Zeytinburnu,0,1,Merkezi,1125436
72,5,3,26,12,Pendik,1,0,Klima,1111939
171,5,2,27,10,Beşiktaş,0,0,Merkezi,5771140
215,4,4,38,4,Kadıköy,1,0,Merkezi,5370373
101,5,2,41,11,Kartal,0,0,Klima,993833
200,5,2,28,17,Üsküdar,1,0,Kömür,5476922
297,1,1,28,8,Bahçelievler,1,0,Kombi,4668486
296,3,1,41,15,Şişli,0,1,Merkezi,7845173
273,3,3,34,1,Levent,0,0,Merkezi,6232223
259,3,3,25,19,Başakşehir,1,1,Klima,5403121
125,2,2,19,4,Beyoğlu,0,1,Klima,2897162
231,3,1,19,18,Sarıyer,0,0,Klima,6319039
167,4,1,43,1,Başakşehir,0,0,Kombi,1792491
72,5,1,24,2,Kadıköy,0,0,Klima,2125496
177,4,3,9,2,Beyoğlu,1,0,Doğalgaz,4236557
236,3,3,22,9,Ataşehir,0,1,Kombi,6065216
224,5,2,39,7,Şişli,0,0,Kombi,5733782
131,3,2,46,5,Şişli,0,0,Merkezi,3077240
220,3,2,11,12,Ataşehir,0,0,Kömür,3805572
213,3,3,24,6,Zeytinburnu,0,1,Kömür,3275125
274,6,3,8,11,Sarıyer,1,0,Merkezi,8818440
190,5,2,38,15,Şişli,1,0,Klima,3851133
270,3,3,1,6,Maltepe,1,0,Merkezi,5525297
124,4,4,38,12,Bakırköy,1,1,Doğalgaz,2866079
248,3,3,1,8,Bahçelievler,1,1,Merkezi,5701124
120,5,3,42,10,Üsküdar,0,0,Merkezi,2354295
162,4,1,29,6,Fatih,1,0,Elektrik,3733366
55,2,2,32,0,Beyoğlu,0,0,Elektrik,636291
259,1,1,16,13,Bahçelievler,1,1,Kombi,4210854
135,4,2,21,4,Sarıyer,0,1,Klima,3379658
167,3,2,38,19,Sarıyer,0,0,Merkezi,3373427
95,4,3,19,7,Etiler,0,1,Merkezi,5511987
128,5,2,21,13,Kadıköy,0,1,Klima,3245838
126,5,2,23,2,Fatih,0,1,Doğalgaz,2957257
97,5,1,43,10,Fatih,0,0,Kömür,1609020
133,3,2,33,9,Başakşehir,0,1,Kömür,2280561
253,3,3,44,4,Ataşehir,0,0,Merkezi,4749049
137,4,2,7,18,Üsküdar,0,0,Doğalgaz,3348554
276,4,3,35,11,Bahçelievler,0,0,Klima,4197635
248,3,1,32,12,Ataşehir,0,0,Merkezi,3799004
177,4,1,9,1,Beyoğlu,1,1,Kömür,4230002
116,2,2,44,19,Fatih,1,0,Kombi,1817495
291,2,2,40,1,Beyoğlu,0,0,Merkezi,3962025
215,2,2,0,1,Beyoğlu,0,1,Doğalgaz,5651537
110,5,3,11,19,Bakırköy,0,0,Kömür,2038401
63,5,1,30,12,Fatih,1,0,Merkezi,1490900
243,4,2,48,10,Şişli,1,0,Doğalgaz,7330163
235,3,1,28,10,Zeytinburnu,0,1,Merkezi,4601405
253,4,3,31,9,Etiler,1,0,Klima,8635181
171,3,1,38,6,Başakşehir,0,0,Doğalgaz,2331519
98,5,1,18,3,Beylikdüzü,0,0,Kömür,1777418
199,3,1,38,8,Beyoğlu,0,1,Doğalgaz,3326813
257,3,3,36,6,Beylikdüzü,1,0,Doğalgaz,4613998
267,5,1,32,1,Kartal,1,0,Klima,2708420
298,3,1,36,3,Bakırköy,1,0,Merkezi,5622496
137,5,1,18,8,Zeytinburnu,0,1,Kömür,2483493
114,5,2,46,14,Şişli,1,1,Kömür,2616810
113,3,1,22,11,Beylikdüzü,0,1,Klima,2148644
240,4,1,32,18,Beyoğlu,1,0,Merkezi,4869543
111,5,4,35,14,Bakırköy,0,0,Elektrik,1854525
245,4,1,15,18,Kadıköy,0,1,Kömür,6331609
131,4,1,0,6,Beylikdüzü,0,0,Kömür,3093235
197,5,3,45,15,Bakırköy,0,0,Elektrik,3057576
133,3,1,15,14,Bahçelievler,0,1,Klima,2067128
156,2,1,13,10,Pendik,1,0,Kombi,1973508
113,5,2,9,7,Üsküdar,0,0,Doğalgaz,3345323
79,2,2,47,8,Başakşehir,0,0,Elektrik,1057595
171,5,2,22,11,Etiler,0,1,Elektrik,8247423
119,3,1,31,9,Levent,0,1,Doğalgaz,3384070
99,2,2,7,9,Pendik,1,0,Merkezi,1227501
172,4,1,19,17,Beyoğlu,0,0,Kombi,2698785
250,3,3,3,5,Ataşehir,0,0,Klima,8583183
194,4,2,5,10,Sarıyer,1,1,Kombi,7166629
248,2,2,18,9,Üsküdar,0,0,Kombi,5483238
115,3,1,12,2,Kadıköy,0,1,Elektrik,2708248
275,5,2,1,5,Başakşehir,0,1,Klima,6585845
154,1,1,3,2,Beyoğlu,1,0,Doğalgaz,4800245
189,3,1,1,10,Bahçelievler,0,1,Klima,5321517
288,5,2,30,7,Bakırköy,0,0,Klima,6076367
240,4,3,7,2,Kadıköy,0,0,Kömür,5565847
194,5,1,29,11,Levent,1,0,Merkezi,6433286
224,3,3,3,11,Ataşehir,1,0,Kombi,7558227
289,2,2,3,10,Başakşehir,0,0,Merkezi,6897339
126,4,3,41,12,Etiler,0,0,Kombi,3155748
162,4,1,1,9,Üsküdar,1,0,Kombi,5994409
191,4,1,31,0,Beylikdüzü,1,0,Kombi,2670113
96,1,1,31,10,Sarıyer,0,0,Doğalgaz,2400882
65,4,2,48,10,Bakırköy,0,0,Kömür,1345013
125,4,1,22,13,Bakırköy,1,1,Elektrik,2891166
64,2,2,37,13,Levent,0,0,Kombi,1496707
272,3,1,23,18,Kadıköy,0,0,Doğalgaz,7166483
95,3,2,4,7,Ataşehir,0,0,Elektrik,3122626
64,3,2,13,3,Sarıyer,0,0,Kömür,1788872
98,5,1,26,10,Fatih,1,1,Elektrik,2225275
142,3,3,11,19,Kadıköy,0,0,Kombi,2762201
203,2,2,20,15,Bahçelievler,0,0,Klima,2870100
101,3,2,17,18,Kadıköy,1,0,Elektrik,2325375
220,4,2,23,3,Beyoğlu,0,1,Klima,4409191
282,4,3,17,11,Etiler,0,1,Merkezi,11457143
198,3,2,49,2,Beylikdüzü,1,0,Kömür,2489822
74,3,3,40,2,Başakşehir,0,0,Kombi,918806
193,5,1,0,15,Fatih,0,0,Kömür,4438316
270,2,2,18,7,Şişli,0,0,Doğalgaz,6943594
290,1,1,13,9,Etiler,1,0,Kombi,13284466
274,4,2,22,19,Ataşehir,0,0,Kombi,5914202
201,4,2,21,14,Başakşehir,0,1,Merkezi,3872100
177,4,1,43,9,Kartal,0,1,Merkezi,1976541
87,3,3,11,13,Etiler,1,0,Merkezi,3092609
80,4,2,9,15,Kadıköy,1,1,Merkezi,2225103
116,3,1,36,11,Maltepe,1,0,Klima,1457246
141,2,2,39,11,Levent,1,0,Merkezi,3196498
210,2,1,49,10,Beylikdüzü,1,1,Klima,3768165
79,2,2,41,10,Ataşehir,1,0,Kömür,1563095
62,5,2,20,19,Levent,0,0,Doğalgaz,2143825
145,3,2,32,19,Etiler,1,0,Klima,3582734
275,3,3,42,14,Başakşehir,1,0,Kömür,4097055
215,3,2,8,5,Beylikdüzü,1,0,Kombi,4897103
92,5,1,26,18,Bahçelievler,0,1,Kömür,1713742
131,3,2,16,3,Şişli,0,1,Doğalgaz,4354622
123,4,2,1,16,Kadıköy,0,1,Doğalgaz,3737016
195,4,1,38,2,Pendik,0,0,Klima,1993624
57,3,2,46,6,Maltepe,0,0,Kömür,794711
79,4,2,18,19,Fatih,1,0,Kömür,1277393
97,2,2,40,3,Beşiktaş,0,0,Elektrik,1760943
120,5,3,45,12,Levent,0,0,Merkezi,4044688
73,5,2,48,13,Ataşehir,0,0,Elektrik,1038793
152,1,1,30,2,Kartal,1,0,Klima,2169812
51,5,3,6,3,Zeytinburnu,0,0,Merkezi,683700
140,4,2,0,3,Beyoğlu,1,1,Doğalgaz,4147157
263,4,1,16,3,Şişli,1,1,Kombi,10440296
58,3,1,5,12,Beyoğlu,0,1,Elektrik,972679
140,3,2,46,4,Sarıyer,0,0,Elektrik,2308941
219,3,3,29,12,Maltepe,1,0,Merkezi,3619313
203,2,2,36,8,Beylikdüzü,0,0,Merkezi,2826925
224,4,1,23,5,Bahçelievler,0,0,Klima,3513838
283,5,2,42,17,Bakırköy,1,0,Elektrik,4471073
213,3,2,19,17,Beylikdüzü,1,0,Merkezi,4224292
227,2,2,32,15,Etiler,0,0,Kömür,6396726
241,1,1,0,8,Üsküdar,0,0,Merkezi,7545460
110,3,3,21,9,Kartal,1,0,Elektrik,1381705
208,3,3,44,2,Üsküdar,0,0,Merkezi,3442750
184,5,1,24,10,Beyoğlu,1,0,Kombi,4663747
176,3,1,34,8,Beylikdüzü,1,0,Doğalgaz,3219439
76,3,1,3,15,Şişli,0,0,Merkezi,2920980
171,2,2,27,0,Zeytinburnu,1,0,Kömür,2188561
217,3,2,12,10,Fatih,0,1,Kombi,4718523
157,3,2,12,16,Başakşehir,0,0,Merkezi,2257765
68,4,2,39,17,Bahçelievler,1,0,Kombi,964750
80,2,2,32,6,Başakşehir,1,0,Elektrik,1282017
96,4,2,15,18,Etiler,0,0,Elektrik,3561683
122,2,2,22,4,Sarıyer,0,0,Merkezi,3069100
265,2,2,25,3,Sarıyer,0,0,Doğalgaz,7546500
70,4,3,2,16,Kadıköy,0,1,Elektrik,2210477
118,2,2,3,14,Etiler,0,0,Elektrik,5393742
233,4,1,30,11,Kartal,1,0,Kombi,3801042
138,3,1,25,3,Bakırköy,0,1,Doğalgaz,3453586
225,4,2,22,3,Şişli,1,0,Merkezi,7261192
90,4,2,10,8,Sarıyer,0,0,Kömür,3119312
293,3,1,48,13,Sarıyer,1,0,Merkezi,7403831
146,3,3,37,6,Levent,0,1,Doğalgaz,3880566
129,1,1,32,12,Üsküdar,1,0,Elektrik,2381941
126,3,1,33,16,Beylikdüzü,0,0,Merkezi,1595100
274,5,3,2,6,Bakırköy,0,0,Elektrik,7614326
79,3,1,6,0,Bakırköy,1,0,Doğalgaz,1721397
229,4,4,4,5,Zeytinburnu,0,1,Doğalgaz,5800578
103,5,2,7,19,Levent,0,0,Kombi,3825264
267,4,3,41,11,Bakırköy,1,1,Kömür,4994676
267,4,2,23,17,Ataşehir,0,0,Doğalgaz,5907926
201,5,2,47,18,Zeytinburnu,1,0,Kömür,2407001
241,4,3,19,7,Beyoğlu,0,0,Kömür,4832141
51,5,2,40,9,Pendik,1,0,Kömür,501258
245,5,2,17,3,Üsküdar,1,0,Kombi,5513826
170,2,2,21,13,Üsküdar,1,0,Elektrik,4195843
232,3,1,7,5,Bakırköy,1,0,Merkezi,6149697
233,2,2,3,10,Levent,1,1,Merkezi,13567657
198,4,2,26,16,Beylikdüzü,0,0,Kombi,3034488
174,4,1,5,8,Etiler,1,1,Elektrik,9731128
131,5,3,7,2,Etiler,0,1,Doğalgaz,5412843
260,2,2,32,14,Şişli,0,0,Doğalgaz,4873949
129,5,3,13,10,Beylikdüzü,0,1,Klima,3441414
199,3,2,15,11,Bahçelievler,1,1,Elektrik,3521160
121,4,1,2,2,Etiler,0,0,Elektrik,5419640
186,3,3,38,3,Beylikdüzü,0,0,Kömür,2976377
246,4,1,29,17,Etiler,1,0,Kombi,7417110
266,6,1,36,16,Bahçelievler,0,0,Kömür,3094926
51,5,1,21,10,Bahçelievler,1,1,Kombi,1233116
53,2,2,40,6,Zeytinburnu,1,1,Kömür,700382
79,3,1,15,1,Ataşehir,1,0,Kömür,1840015
81,4,3,42,17,Bahçelievler,0,0,Kömür,1172887
206,3,1,39,2,Etiler,0,0,Kömür,5559187
244,2,2,10,10,Sarıyer,0,0,Klima,7312095
123,4,1,2,3,Ataşehir,0,0,Elektrik,3377618
158,4,1,19,12,Beşiktaş,1,1,Merkezi,6304988
63,4,3,18,14,Bahçelievler,0,0,Klima,880101
58,1,1,45,9,Üsküdar,0,1,Elektrik,1067572
267,2,2,49,18,Ataşehir,0,0,Klima,4063037
243,2,1,10,16,Beşiktaş,1,0,Kömür,6805516
117,6,1,1,15,Sarıyer,1,0,Merkezi,4583460
196,4,1,47,11,Kartal,0,1,Klima,2133822
81,3,2,43,1,Şişli,1,0,Kömür,1745886
213,2,2,32,9,Sarıyer,1,0,Kombi,5600265
119,4,1,47,7,Etiler,0,1,Klima,4881971
248,4,1,12,14,Zeytinburnu,0,0,Kombi,4210054
78,3,1,9,18,Kartal,1,1,Doğalgaz,1101052
187,4,1,24,11,Üsküdar,0,1,Kombi,4817195
260,5,2,20,0,Beşiktaş,0,0,Elektrik,9126292
283,4,2,34,5,Bahçelievler,1,0,Elektrik,3881520
274,1,1,40,9,Beylikdüzü,0,0,Elektrik,3353049
141,3,2,26,2,Maltepe,0,0,Elektrik,1991130
195,3,1,36,1,Etiler,1,1,Kömür,6393422
273,6,2,6,9,Sarıyer,0,1,Klima,10405024
60,3,2,24,15,Şişli,0,0,Klima,1350196
215,4,2,2,4,Beylikdüzü,1,1,Kömür,6065235
154,4,2,34,10,Maltepe,0,1,Kömür,2357237
100,5,1,44,3,Bahçelievler,0,0,Klima,1188043
109,3,2,1,9,Sarıyer,0,0,Kömür,3196763
156,3,1,41,11,Zeytinburnu,0,0,Merkezi,1544679
163,3,1,6,17,Başakşehir,1,0,Elektrik,2950258
52,4,3,28,17,Levent,0,0,Merkezi,1717231
183,2,2,16,2,Levent,0,1,Merkezi,5707438
156,5,2,47,16,Pendik,0,1,Kömür,1497824
295,4,3,37,8,Sarıyer,0,0,Kombi,6931187
146,3,1,12,11,Kartal,0,0,Merkezi,1686768
296,3,2,42,5,Levent,1,0,Merkezi,9498587
98,3,2,22,12,Kartal,0,0,Merkezi,1307819
189,6,1,16,3,Ataşehir,1,0,Klima,4603499
217,2,2,4,12,Maltepe,1,0,Klima,4022707
68,4,2,5,14,Sarıyer,0,0,Merkezi,1991276
154,3,1,43,12,Sarıyer,1,1,Merkezi,4404169
206,3,1,25,14,Levent,1,1,Klima,8451467
257,4,3,29,10,Pendik,0,1,Merkezi,3733385
293,6,3,43,4,Üsküdar,0,0,Kömür,5922180
260,5,4,29,2,Levent,1,0,Elektrik,8382151
170,3,1,12,14,Zeytinburnu,1,0,Merkezi,2866718
204,3,2,9,12,Beylikdüzü,1,0,Merkezi,4263164
78,2,2,20,11,Şişli,1,0,Merkezi,2671551
180,3,2,49,19,Kadıköy,1,0,Merkezi,3274524
66,5,2,47,19,Beyoğlu,0,0,Klima,810310
298,4,3,35,2,Pendik,0,0,Klima,2660465
183,4,2,20,9,Sarıyer,0,1,Kombi,6669502
78,4,2,33,4,Maltepe,0,1,Kömür,1171364
188,3,2,41,13,Pendik,1,0,Kömür,1918311
204,6,4,49,14,Pendik,0,1,Kombi,2487854
144,1,1,18,11,Üsküdar,1,1,Kömür,3450596
185,3,2,27,6,Kartal,1,0,Kombi,3110664
70,6,1,6,16,Şişli,1,0,Klima,1805745
124,3,2,22,8,Etiler,0,0,Kombi,4654591
64,5,4,16,8,Kartal,1,1,Doğalgaz,1213468
100,6,2,9,15,Üsküdar,1,1,Elektrik,2730826
270,6,2,28,2,Bahçelievler,0,0,Klima,4349425
114,3,3,11,13,Sarıyer,0,1,Doğalgaz,3933341
187,2,2,1,17,Beylikdüzü,0,0,Doğalgaz,4759322
258,4,1,1,6,Levent,0,1,Kombi,14153937
161,3,2,10,6,Fatih,1,0,Klima,2525044
222,3,3,35,18,Sarıyer,0,0,Elektrik,4355743
239,3,2,4,3,Maltepe,1,0,Merkezi,4574138
257,2,2,9,5,Bahçelievler,0,1,Merkezi,4217735
172,5,1,24,18,Şişli,1,0,Doğalgaz,6020110
81,5,1,9,1,Kartal,0,0,Kömür,1190357
230,4,2,48,8,Şişli,1,0,Kombi,4953036
144,4,2,0,3,Fatih,1,0,Kombi,3288325
168,4,1,7,0,Şişli,1,0,Elektrik,4264439
232,3,1,28,9,Sarıyer,0,0,Kombi,5490261
238,4,1,5,16,Ataşehir,1,0,Doğalgaz,4907369
167,3,2,28,15,Beşiktaş,0,0,Merkezi,4559095
67,2,2,25,13,Üsküdar,0,1,Merkezi,1633180
152,2,1,15,4,Ataşehir,1,1,Elektrik,3394516
75,4,1,11,9,Levent,1,1,Kömür,2849372
158,5,1,34,9,Sarıyer,1,1,Kombi,4303959
229,3,2,28,4,Etiler,0,0,Elektrik,6061663
291,4,1,12,14,Pendik,1,0,Kombi,3761877
240,3,3,27,17,Üsküdar,0,0,Merkezi,6326265
97,3,3,7,11,Başakşehir,0,1,Klima,1378411
216,4,2,40,6,Beyoğlu,0,1,Klima,4206369
78,4,2,47,9,Pendik,0,0,Klima,760473
146,2,1,6,15,Başakşehir,1,1,Doğalgaz,3111745
174,3,1,12,11,Bahçelievler,0,1,Merkezi,3306571
141,2,2,11,2,Maltepe,1,0,Kombi,1815476
94,5,1,21,14,Zeytinburnu,0,0,Elektrik,1543449
292,3,2,2,9,Etiler,1,0,Merkezi,17877647
116,3,1,24,11,Kadıköy,0,0,Elektrik,2280775
73,3,2,29,18,Üsküdar,1,1,Kombi,1802908
89,4,2,5,4,Beylikdüzü,1,0,Elektrik,1944024
53,5,2,49,10,Bahçelievler,0,0,Kombi,623859
267,6,3,46,5,Beşiktaş,0,0,Merkezi,8144806
191,6,3,9,16,Zeytinburnu,0,0,Kombi,2582468
230,4,2,23,15,Beyoğlu,0,0,Merkezi,4814446
275,4,4,16,13,Bahçelievler,0,0,Merkezi,4954686
272,3,2,34,17,Beşiktaş,0,0,Merkezi,5220162
276,2,1,12,12,Bakırköy,0,0,Klima,5623117
208,4,4,12,11,Kartal,0,0,Doğalgaz,2530146
68,4,1,47,3,Üsküdar,0,0,Elektrik,1436778
240,3,1,44,13,Ataşehir,0,0,Kombi,3000770
102,2,1,0,3,Zeytinburnu,1,0,Klima,1896329
109,6,3,7,10,Etiler,1,0,Klima,5077394
191,4,3,5,3,Ataşehir,0,0,Klima,3444155
257,2,1,10,7,Üsküdar,0,0,Klima,5746579
286,4,1,26,19,Ataşehir,0,0,Merkezi,5401775
154,4,1,43,13,Kartal,0,1,Kombi,1682765
242,5,2,23,16,Beylikdüzü,1,0,Elektrik,5308629
105,4,1,23,0,Beylikdüzü,0,1,Elektrik,2292903
89,3,3,29,6,Bakırköy,0,0,Elektrik,2193767
104,3,1,11,19,Levent,0,1,Elektrik,3591775
267,4,3,38,14,Levent,0,0,Klima,6247858
73,5,2,43,4,Maltepe,0,0,Kombi,774127
125,2,2,16,7,Kadıköy,1,1,Kömür,3424187
211,6,2,6,0,Beyoğlu,0,0,Kömür,3859157
231,5,2,5,16,Bakırköy,0,1,Doğalgaz,4676399
134,5,2,6,9,Üsküdar,0,0,Doğalgaz,3452154
70,5,2,4,12,Levent,0,0,Kömür,2590703
183,2,2,7,8,Maltepe,0,0,Kömür,2850073
74,5,1,48,10,Levent,1,0,Kombi,2157390
110,3,3,33,11,Başakşehir,1,1,Merkezi,1498095
137,4,1,37,15,Etiler,1,0,Elektrik,4104472
221,6,4,42,16,Üsküdar,0,0,Klima,4366458
64,3,1,22,8,Maltepe,0,1,Klima,1130931
169,5,1,41,3,Sarıyer,1,0,Doğalgaz,3682331
129,3,1,1,13,Etiler,1,0,Elektrik,6401448
131,4,1,27,17,Şişli,1,1,Elektrik,3752158
98,5,1,33,8,Beylikdüzü,1,0,Kömür,1561785
205,1,1,30,12,Fatih,1,0,Elektrik,3696417
58,3,2,46,9,Şişli,1,0,Kömür,1479092
172,3,2,19,8,Beyoğlu,0,1,Klima,4566696
107,5,1,37,11,Ataşehir,1,0,Klima,2097251
178,5,2,2,18,Beşiktaş,1,1,Elektrik,8844359
138,5,1,18,14,Pendik,0,1,Doğalgaz,1906327
286,3,3,2,18,Maltepe,0,0,Kömür,5215552
73,3,1,12,8,Kadıköy,0,0,Doğalgaz,1851649
248,4,2,20,10,Fatih,1,1,Merkezi,6287438
275,3,2,25,15,Kadıköy,1,0,Kömür,7948915
68,1,1,7,13,Şişli,0,1,Doğalgaz,1776114
72,1,1,25,9,Sarıyer,0,0,Doğalgaz,1624023
104,3,1,27,16,Ataşehir,0,0,Elektrik,1548401
126,6,3,16,17,Başakşehir,0,0,Kombi,1731160
150,4,2,41,7,Fatih,1,0,Merkezi,2492052
135,4,4,43,7,Zeytinburnu,0,0,Elektrik,2169444
59,4,3,32,11,Zeytinburnu,0,1,Elektrik,825343
271,3,2,43,1,Kadıköy,1,0,Klima,6088229
249,2,1,27,4,Levent,1,1,Kombi,9696140
179,3,1,11,11,Bakırköy,1,0,Doğalgaz,3236847
201,4,2,26,7,Başakşehir,1,0,Kömür,4692424
122,6,1,42,7,Zeytinburnu,0,0,Kömür,1377676
95,3,1,11,19,Beylikdüzü,1,0,Klima,1885881
132,4,1,16,13,Kartal,1,0,Doğalgaz,1749337
151,3,1,47,6,Beşiktaş,0,0,Merkezi,3802044
170,3,2,20,0,Beyoğlu,0,0,Klima,3106594
96,3,1,21,11,Levent,0,1,Elektrik,3018083
54,3,3,43,9,Levent,1,0,Elektrik,1399067
78,4,2,41,2,Kartal,0,0,Kombi,771467
65,2,1,31,19,Beyoğlu,0,0,Merkezi,933784
259,2,2,18,11,Beylikdüzü,0,0,Merkezi,5370279
159,5,1,13,4,Maltepe,0,0,Klima,2518509
248,3,3,13,11,Üsküdar,1,1,Doğalgaz,7184730
213,3,2,38,5,Fatih,0,0,Kömür,3561041
123,3,1,5,0,Beşiktaş,0,0,Kombi,3527454
215,4,3,38,12,Maltepe,0,1,Doğalgaz,2585157
165,3,2,24,1,Üsküdar,0,1,Kömür,4553130
67,6,2,9,4,Şişli,0,0,Elektrik,1611856
137,4,1,36,18,Şişli,1,0,Kombi,3096461
299,5,3,45,10,Şişli,1,0,Elektrik,8588978
174,4,2,12,11,Beyoğlu,1,0,Kombi,4352835
108,2,2,46,12,Levent,1,1,Kombi,3685038
146,3,3,37,5,Şişli,1,0,Kombi,3120315
245,3,1,31,11,Etiler,0,0,Merkezi,6308071
127,5,2,11,1,Kartal,1,1,Klima,2234961
164,4,3,28,7,Bahçelievler,0,0,Kömür,3035571
104,5,3,41,7,Bahçelievler,1,0,Kombi,2037572
61,3,2,47,4,Ataşehir,1,0,Kombi,1118780
299,4,1,22,10,Etiler,0,0,Kombi,10369438
112,3,1,39,7,Fatih,1,0,Merkezi,1706485
256,6,1,45,7,Pendik,0,0,Doğalgaz,3087667
62,3,2,15,1,Levent,0,0,Kömür,1728076
219,4,1,41,14,Başakşehir,0,0,Klima,2326105
202,5,3,8,15,Fatih,0,0,Kömür,3259000
270,4,1,28,19,Sarıyer,0,0,Doğalgaz,7523704
126,4,1,42,8,Bakırköy,1,0,Klima,2421729
61,4,1,43,17,Zeytinburnu,0,0,Kömür,727637
113,3,2,15,11,Bahçelievler,1,1,Klima,1946879
229,5,3,14,11,Fatih,1,0,Elektrik,4958457
66,4,2,8,4,Beylikdüzü,0,0,Merkezi,1190859
106,4,3,45,5,Zeytinburnu,0,1,Kombi,1328533
200,4,3,27,3,Levent,0,0,Elektrik,6602787
245,5,1,47,6,Kartal,0,1,Kombi,3013905
58,1,1,49,15,Ataşehir,0,1,Klima,1067730
114,2,1,21,17,Beylikdüzü,0,0,Elektrik,1451017
75,4,2,25,1,Şişli,1,0,Kömür,1919058
103,3,2,16,17,Fatih,1,1,Elektrik,1793287
148,5,3,27,15,Levent,0,0,Kömür,4622350
190,5,1,33,16,Beylikdüzü,1,0,Elektrik,2849946
113,5,2,11,14,Kartal,1,0,Merkezi,1581846
145,5,2,46,12,Maltepe,0,0,Merkezi,2155944
145,1,1,17,9,Kadıköy,1,0,Elektrik,4452740
237,5,3,21,3,Bakırköy,1,0,Doğalgaz,4823318
216,4,1,1,16,Levent,1,0,Klima,9480997
109,5,2,38,14,Maltepe,0,0,Doğalgaz,1346425
111,3,2,43,14,Pendik,1,0,Elektrik,1070410
222,6,3,10,9,Şişli,0,0,Doğalgaz,8878361
258,3,2,22,13,Maltepe,0,1,Kömür,3982446
203,4,3,26,17,Levent,1,0,Kombi,7493808
251,4,2,2,7,Sarıyer,0,0,Kombi,9131579
115,5,1,33,9,Bahçelievler,1,0,Merkezi,1749944
174,5,2,48,4,Beşiktaş,0,0,Kombi,4850803
255,3,3,28,9,Maltepe,1,0,Klima,3900764
102,3,2,23,10,Üsküdar,1,0,Klima,2591569
192,5,2,47,2,Sarıyer,0,0,Kombi,3428853
258,4,2,12,4,Maltepe,0,1,Elektrik,4860493
53,1,1,27,5,Kartal,0,1,Kömür,927699
116,4,2,14,6,Bahçelievler,0,1,Merkezi,2488043
162,2,2,21,18,Zeytinburnu,0,0,Elektrik,2123247
210,2,2,31,10,Levent,0,0,Klima,6454978
217,5,2,41,2,Bakırköy,0,0,Merkezi,4075064
284,5,2,5,11,Pendik,0,0,Merkezi,2891121
133,5,2,41,10,Etiler,0,0,Elektrik,3974339
204,4,1,12,2,Beyoğlu,0,0,Doğalgaz,3794956
208,4,2,20,13,Sarıyer,0,0,Merkezi,6073732
272,5,1,29,18,Maltepe,1,0,Merkezi,5203474
153,2,2,14,2,Bahçelievler,0,0,Elektrik,2538575
260,3,1,13,17,Şişli,0,0,Kömür,6710937
232,2,2,3,3,Kartal,1,0,Klima,4685280
129,3,3,47,15,Beylikdüzü,1,1,Doğalgaz,2371602
93,4,2,49,12,Pendik,1,0,Kömür,955407
257,5,3,5,5,Fatih,0,0,Merkezi,4585246
210,4,3,7,4,Beylikdüzü,0,1,Kombi,4470725
71,2,1,36,5,Bahçelievler,1,0,Kombi,1175821
201,2,2,16,7,Zeytinburnu,1,1,Kömür,3191169
135,4,4,2,16,Kartal,1,1,Elektrik,2435417
215,5,2,47,0,Levent,0,1,Klima,6068490
182,4,1,5,1,Bahçelievler,1,0,Merkezi,3669498
236,5,3,25,15,Sarıyer,1,1,Klima,9064948
230,3,2,10,7,Sarıyer,1,0,Elektrik,5451445
235,4,2,21,7,Başakşehir,1,0,Klima,3894261
74,3,1,18,17,Bakırköy,0,1,Kombi,1582415
145,3,2,41,14,Beylikdüzü,0,1,Klima,2137702
189,4,2,17,12,Levent,0,0,Elektrik,5739675
296,4,2,6,19,Başakşehir,1,1,Kömür,5982265
291,4,3,36,6,Şişli,0,0,Kömür,7423228
137,4,1,2,2,Şişli,0,0,Doğalgaz,4547072
263,2,1,35,5,Şişli,0,1,Doğalgaz,5698481
98,2,2,28,12,Fatih,0,0,Kombi,1634867
94,1,1,33,16,Kartal,1,0,Doğalgaz,1166041
262,5,2,33,4,Beylikdüzü,1,0,Doğalgaz,4661097
252,6,1,21,4,Maltepe,1,0,Kömür,3473609
161,2,1,13,15,Beyoğlu,0,0,Merkezi,2488568
154,4,1,13,19,Şişli,1,1,Kömür,4533024
65,2,2,9,16,Sarıyer,1,0,Klima,1704142
85,4,2,3,16,Sarıyer,1,1,Doğalgaz,4096039
286,3,2,7,15,Beşiktaş,1,0,Kömür,9734812
257,4,1,0,8,Levent,0,0,Elektrik,12957351
269,4,3,34,14,Beşiktaş,0,0,Doğalgaz,5918340
89,4,1,46,4,Etiler,0,1,Klima,2977899
226,4,2,38,7,Pendik,0,1,Kömür,2631209
61,4,4,14,6,Ataşehir,0,0,Doğalgaz,1642369
93,4,2,17,16,Etiler,1,0,Klima,3421326
97,3,1,41,12,Fatih,1,1,Kombi,1655169
102,3,2,43,1,Üsküdar,1,1,Doğalgaz,1809270
229,3,3,47,0,Etiler,0,0,Kombi,7044819
280,2,1,35,6,Kartal,0,0,Kombi,2760629
240,3,2,25,9,Etiler,1,0,Merkezi,10685338
268,4,2,1,4,Bakırköy,1,0,Merkezi,7837571
182,5,3,19,7,Zeytinburnu,0,0,Doğalgaz,3489089
140,3,2,25,3,Bakırköy,0,1,Elektrik,2711938
60,2,1,43,15,Beyoğlu,0,1,Kömür,835186
79,2,1,20,15,Kartal,0,0,Klima,809190
67,3,1,26,3,Kartal,0,1,Merkezi,949366
217,3,2,37,12,Kadıköy,0,1,Klima,3612477
187,3,1,8,3,Şişli,1,0,Doğalgaz,4420948
110,3,3,3,18,Zeytinburnu,0,0,Elektrik,2202346
94,3,3,42,0,Zeytinburnu,1,1,Kömür,1181323
75,4,1,20,14,Sarıyer,0,1,Doğalgaz,2223295
209,3,2,21,16,Beşiktaş,0,0,Klima,4628001
150,4,1,44,9,Başakşehir,0,1,Doğalgaz,2068041
260,5,3,23,16,Sarıyer,1,0,Elektrik,7417806
243,4,3,48,6,Bahçelievler,0,0,Kömür,3721520
125,3,1,23,14,Üsküdar,1,0,Kömür,2995660
115,3,2,35,2,Şişli,0,0,Kombi,2575536
222,3,2,21,18,Maltepe,0,0,Klima,2719543
75,3,2,1,14,Sarıyer,0,0,Merkezi,2433893
144,4,1,13,19,Şişli,0,1,Doğalgaz,4444644
273,3,1,25,16,Pendik,0,0,Kömür,2526098
127,3,2,39,3,Şişli,1,0,Kombi,3143943
210,2,2,10,13,Bahçelievler,0,0,Doğalgaz,3242545
59,4,1,21,8,Maltepe,1,0,Kömür,893813
227,4,1,35,6,Beylikdüzü,0,1,Klima,4499423
78,4,3,7,13,Zeytinburnu,0,0,Doğalgaz,1304966
75,2,1,11,10,Ataşehir,1,0,Kombi,1934083
183,3,2,42,4,Kartal,1,0,Kömür,2100896
87,1,1,24,15,Zeytinburnu,1,0,Klima,1354877
176,1,1,36,17,Levent,0,0,Merkezi,4665909
245,6,1,0,16,Zeytinburnu,0,0,Klima,5257564
168,4,2,14,1,Beylikdüzü,0,1,Klima,2793154
230,6,1,49,16,Kadıköy,0,0,Kömür,4190241
196,4,2,13,6,Bakırköy,0,0,Doğalgaz,3776912
214,3,2,44,17,Üsküdar,1,0,Elektrik,3262497
81,1,1,19,12,Kartal,0,0,Doğalgaz,1015740
133,4,3,4,2,Bahçelievler,1,1,Kömür,3188558
181,4,1,24,9,Zeytinburnu,0,0,Merkezi,3220885
291,4,1,13,17,Beşiktaş,0,1,Klima,10877224
264,5,1,25,3,Pendik,0,0,Elektrik,3319424
262,4,1,18,19,Sarıyer,1,0,Kombi,6807112
242,4,2,38,0,Bakırköy,1,1,Kömür,3802164
62,5,1,21,15,Zeytinburnu,1,1,Elektrik,1021929
294,4,3,16,8,Başakşehir,0,0,Klima,5611361
120,5,2,11,6,Zeytinburnu,1,1,Doğalgaz,2857428
179,4,1,5,4,Ataşehir,1,0,Kombi,4865383
293,6,2,36,13,Kadıköy,0,0,Doğalgaz,5575218
156,3,2,18,5,Pendik,0,0,Kombi,1505533
74,3,3,23,1,Zeytinburnu,0,1,Klima,1204274
263,5,1,15,12,Beylikdüzü,1,1,Klima,5044230
136,3,1,17,17,Zeytinburnu,1,0,Merkezi,2150208
186,3,3,35,8,Bakırköy,0,0,Doğalgaz,3324088
234,3,3,15,19,Kadıköy,0,0,Doğalgaz,4693051
249,4,2,33,13,Ataşehir,0,0,Elektrik,3468763
163,3,2,48,7,Bakırköy,0,0,Merkezi,2422894
65,3,3,40,15,Üsküdar,1,1,Kombi,1166706
177,5,4,22,14,Kadıköy,1,0,Kombi,4138619
289,4,3,28,19,Fatih,0,0,Elektrik,5080309
117,3,2,1,14,Levent,1,0,Kömür,4639436
155,2,1,9,4,Etiler,1,1,Elektrik,6896559
204,4,2,37,12,Üsküdar,0,0,Doğalgaz,3647653
163,2,2,1,14,Kadıköy,0,0,Merkezi,4377857
84,3,1,22,18,Levent,0,0,Doğalgaz,2324671
216,6,2,34,14,Bahçelievler,0,0,Elektrik,3211387
170,4,3,46,5,Beşiktaş,0,1,Merkezi,6358715
99,3,1,38,3,Fatih,0,1,Elektrik,1610649
132,5,1,16,18,Kadıköy,1,1,Klima,4333930
181,4,2,33,10,Levent,1,0,Kombi,5813456
294,2,1,25,7,Etiler,1,0,Kombi,9276393
193,5,3,26,16,Zeytinburnu,1,0,Kombi,3626255
75,3,3,32,19,Beylikdüzü,0,0,Merkezi,1211911
157,1,1,30,7,Ataşehir,0,0,Merkezi,3349028
88,5,4,15,12,Sarıyer,0,1,Kombi,2633561
201,2,1,47,1,Kadıköy,1,0,Kombi,4263429
232,4,1,14,12,Fatih,1,0,Merkezi,5256667
115,5,3,44,4,Fatih,0,0,Merkezi,1720926
292,3,1,26,6,Sarıyer,0,1,Doğalgaz,9386228
202,3,2,30,13,Bakırköy,0,0,Merkezi,3998066
69,5,1,39,6,Kartal,0,0,Klima,912756
159,6,2,16,16,Sarıyer,0,0,Kömür,4740754
147,4,2,19,14,Maltepe,0,0,Elektrik,2025444
82,4,2,29,14,Üsküdar,0,0,Kombi,1645449
67,4,3,20,7,Ataşehir,0,1,Doğalgaz,2094956
263,4,1,12,1,Zeytinburnu,1,0,Merkezi,4751021
120,3,1,35,8,Zeytinburnu,0,0,Merkezi,1268892
133,4,1,6,12,Beyoğlu,0,1,Merkezi,2970020
142,2,2,49,19,Fatih,0,1,Klima,1787129
87,4,2,27,15,Beylikdüzü,0,0,Merkezi,1924211
298,4,3,17,11,Bahçelievler,0,0,Kömür,4199772
226,3,1,7,1,Maltepe,0,0,Elektrik,3021247
143,2,1,49,6,Bahçelievler,0,0,Kombi,2059442
164,3,2,16,6,Zeytinburnu,1,0,Merkezi,2372364
96,5,1,40,12,Ataşehir,1,0,Klima,1436535
57,2,2,20,18,Sarıyer,0,1,Kömür,1512568
153,3,1,4,19,Kartal,0,1,Merkezi,2311559
265,4,2,48,5,Zeytinburnu,1,1,Merkezi,5085903
111,5,2,36,19,Zeytinburnu,0,0,Merkezi,1409536
180,3,3,7,1,Üsküdar,1,1,Kömür,4212770
157,3,1,7,14,Maltepe,0,1,Kömür,2450391
132,3,2,24,6,Levent,0,0,Kombi,4313357
85,4,2,8,19,Levent,1,0,Doğalgaz,3431645
115,4,1,43,9,Beyoğlu,1,0,Klima,1935227
207,4,3,42,16,Maltepe,1,0,Elektrik,2828427
114,5,1,43,4,Ataşehir,0,0,Klima,1918161
269,4,3,4,8,Kadıköy,1,0,Elektrik,11330725
283,4,3,47,14,Sarıyer,0,1,Kombi,7499035
210,2,2,22,19,Ataşehir,1,0,Kombi,4239070
183,5,2,1,2,Pendik,1,0,Klima,2557283
151,5,3,23,2,Beylikdüzü,0,0,Klima,3123392
90,5,1,12,11,Fatih,1,0,Elektrik,2084156
98,3,3,23,1,Kadıköy,0,0,Elektrik,2583973
126,4,1,13,15,Sarıyer,0,0,Kömür,2983528
139,5,1,20,17,Zeytinburnu,1,0,Kömür,1769651
179,1,1,24,17,Etiler,1,1,Klima,6209018
79,2,2,29,3,Fatih,1,0,Kömür,1401074
139,1,1,47,3,Şişli,0,0,Merkezi,3293164
202,3,1,37,7,Levent,0,0,Kömür,6143665
169,2,2,32,0,Kadıköy,0,0,Doğalgaz,2997567
149,4,2,27,0,Kartal,0,0,Klima,1676669
92,4,1,28,3,Bakırköy,1,1,Kombi,2457752
59,3,3,20,14,Şişli,0,0,Kömür,1880255
237,4,1,38,8,Zeytinburnu,1,0,Merkezi,4142876
275,4,2,23,7,Fatih,0,0,Doğalgaz,5008053
93,4,1,48,1,Beşiktaş,0,1,Doğalgaz,2669099
92,4,1,46,6,Pendik,1,0,Kombi,924525
73,2,2,27,14,Etiler,1,0,Klima,2367290
